company_key,company_name,attribute,value,year,source_ref,doc_id
afriquefonciereindustriellecommerciale,"L'Afrique foncière, industrielle et commerciale",capital,400.000 fr.,,,afrique-equatoriale-afic-bbb628
afriquefonciereindustriellecommerciale,"L'Afrique foncière, industrielle et commerciale",head_office,Paris,,,afrique-equatoriale-afic-bbb628
afriquefonciereindustriellecommerciale,"L'Afrique foncière, industrielle et commerciale",capital,1.000.000 FR.,1929,"Les Annales coloniales, 27 juin 1929",afrique-equatoriale-afic-bbb628
afriquefonciereindustriellecommerciale,"L'Afrique foncière, industrielle et commerciale",founded_date,1928-06-22,1930,"La Journée industrielle, 10 mai 1930",afrique-equatoriale-afic-bbb628
afriquefonciereindustriellecommerciale,"L'Afrique foncière, industrielle et commerciale",head_office,transféré,1930,"La Journée industrielle, 10 mai 1930",afrique-equatoriale-afic-bbb628
afriqueminiereequatoriale,Afrique minière équatoriale,capital,1.275.000 fr.,1921,"Cote de la Bourse et de la banque, 22 mars 1921",afrique-equatoriale-afrique-miniere-equat-9cd569
afriqueminiereequatoriale,Afrique minière équatoriale,head_office,"Paris, 62",1921,"Cote de la Bourse et de la banque, 22 mars 1921",afrique-equatoriale-afrique-miniere-equat-9cd569
afriqueminiereequatoriale,Afrique minière équatoriale,founded_date,1921-02-25,1922,"AEC 1922, p. 293",afrique-equatoriale-afrique-miniere-equat-9cd569
agricolecommercialealima,Société Agricole et Commerciale de l'Alima,head_office,"de Paris, assistant aux combats de Châtillon, du",,,afrique-equatoriale-agricom-alima-a26409
agricolecommercialealima,Société Agricole et Commerciale de l'Alima,head_office,"de la société est établi à Paris, rue de Hanovre, 6",1899,"La Cote de la Bourse et de la banque, 11 août 1899",afrique-equatoriale-agricom-alima-a26409
agricolecommercialealima,Société Agricole et Commerciale de l'Alima,founded_date,1899-07-01,1915,"Paris, 1849-Paris, 1915",afrique-equatoriale-agricom-alima-a26409
agricolecommercialealima,Société Agricole et Commerciale de l'Alima,capital,1.200.000 francs,1915,"Paris, 1849-Paris, 1915",afrique-equatoriale-agricom-alima-a26409
agricolecommercialealima,Société Agricole et Commerciale de l'Alima,head_office,Paris,1915,"Paris, 1849-Paris, 1915",afrique-equatoriale-agricom-alima-a26409
agricolecommercialealima,Société Agricole et Commerciale de l'Alima,head_office,"de la société, rue de Hanovre, 6, et à Anvers, à la succursale de la société, Longue-rue-",1903,"La Cote de la Bourse et de la banque, 9 février 1903",afrique-equatoriale-agricom-alima-a26409
agricolecommercialealima,Société Agricole et Commerciale de l'Alima,capital,1.200.000 francs,1903,"La Dépêche coloniale, 29 mars 1903",afrique-equatoriale-agricom-alima-a26409
agricolecommercialealima,Société Agricole et Commerciale de l'Alima,head_office,"est à Paris, rue de Hanovre, no 6, dans les mêmes locaux que la",1903,"La Dépêche coloniale, 29 mars 1903",afrique-equatoriale-agricom-alima-a26409
agricolecommercialealima,Société Agricole et Commerciale de l'Alima,head_office,de la,1906,"Cote de la Bourse et de la banque, 17 mai 1906",afrique-equatoriale-agricom-alima-a26409
agricolecommercialealima,Société Agricole et Commerciale de l'Alima,founded_date,1899-07-01,1908,"Cote de la Bourse et de la banque, 21 juillet 1908",afrique-equatoriale-agricom-alima-a26409
agricolecommercialealima,Société Agricole et Commerciale de l'Alima,head_office,"de la société, rue de Grammont, 10",1908,"Cote de la Bourse et de la banque, 21 juillet 1908",afrique-equatoriale-agricom-alima-a26409
agricolecommercialealima,Société Agricole et Commerciale de l'Alima,capital,1.200.000 francs,1903,"La Dépêche coloniale, 29 mars 1903",afrique-equatoriale-agricom-alima-a26409
agricolecommercialealima,Société Agricole et Commerciale de l'Alima,head_office,"est à Paris, rue de Hanovre, no 6, dans les mêmes locaux que la",1903,"La Dépêche coloniale, 29 mars 1903",afrique-equatoriale-agricom-alima-a26409
bretonnecongo,Société Bretonne du Congo,head_office,"de la société est à Paris, boulevard de Courcelles, 51",1900,"La Cote de la Bourse et de la banque, 11 août 1900",afrique-equatoriale-bretonne-du-congo-778f39
bretonnecongo,Société Bretonne du Congo,head_office,"précédemment à Paris, 51, boulevard de Courcelles, a été transféré à Lille",1908,"La Cote de la Bourse et de la banque, 2 janvier 1908",afrique-equatoriale-bretonne-du-congo-778f39
afrique,Compagnie de l'Afrique française,founded_date,1924-03-31,1936,"L’Étoile de l’AEF, 26 septembre 1936, p. 2",afrique-equatoriale-cafra-pointe-noire-cc52da
afrique,Compagnie de l'Afrique française,capital,21.400.000 francs,1936,"L’Étoile de l’AEF, 26 septembre 1936, p. 2",afrique-equatoriale-cafra-pointe-noire-cc52da
afrique,Compagnie de l'Afrique française,head_office,Pointe-Noire (Afrique équatoriale française),1936,"L’Étoile de l’AEF, 26 septembre 1936, p. 2",afrique-equatoriale-cafra-pointe-noire-cc52da
afrique,Compagnie de l'Afrique française,capital,21.400.000 francs,1937,"L’Étoile de l’AEF, 17 juillet 1937, p. 9",afrique-equatoriale-cafra-pointe-noire-cc52da
afrique,Compagnie de l'Afrique française,head_office,de la CAFRA à Pointe-Noire,1937,"L’Étoile de l’AEF, 17 juillet 1937, p. 9",afrique-equatoriale-cafra-pointe-noire-cc52da
afrique,Compagnie de l'Afrique française,founded_date,1924-03-20,1938,"L’Étoile de l’AEF, 12 mars 1938",afrique-equatoriale-cafra-pointe-noire-cc52da
afrique,Compagnie de l'Afrique française,capital,21.400.000 fr.,1938,"L’Étoile de l’AEF, 12 mars 1938",afrique-equatoriale-cafra-pointe-noire-cc52da
afrique,Compagnie de l'Afrique française,head_office,Pointe-Noire - Afrique équatoriale française,1938,"L’Étoile de l’AEF, 12 mars 1938",afrique-equatoriale-cafra-pointe-noire-cc52da
afrique,Compagnie de l'Afrique française,capital,21.400.000 fr.,1938,"La Journée industrielle, 17 septembre 1938",afrique-equatoriale-cafra-pointe-noire-cc52da
afrique,Compagnie de l'Afrique française,founded_date,1924-03-20,1938,"Le Petit Bleu, 23 septembre 1938",afrique-equatoriale-cafra-pointe-noire-cc52da
afrique,Compagnie de l'Afrique française,capital,30.000.000 fr.,1938,"Le Petit Bleu, 23 septembre 1938",afrique-equatoriale-cafra-pointe-noire-cc52da
afrique,Compagnie de l'Afrique française,head_office,Pointe-Noire — Afrique équatoriale française,1938,"Le Petit Bleu, 23 septembre 1938",afrique-equatoriale-cafra-pointe-noire-cc52da
caoutchoucsproduitslobay,Cie des Caoutchoucs et produits de la Lobay,head_office,"rue Le-Peletier, 4, Paris. — Petites Affiches, 16",1899,"La Cote de la Bourse et de la banque, 30 juin 1899",afrique-equatoriale-caoutchoucs-produits-lobay-2cfa1a
caoutchoucsproduitslobay,Cie des Caoutchoucs et produits de la Lobay,head_office,"est établi à Paris, 4, rue Le-Peletier",1899,"La Cote de la Bourse et de la banque, 25 août 1899",afrique-equatoriale-caoutchoucs-produits-lobay-2cfa1a
caoutchoucsproduitslobay,Cie des Caoutchoucs et produits de la Lobay,capital,2.000.000 francs,1899,"Le Journal des débats, 28 septembre 1899",afrique-equatoriale-caoutchoucs-produits-lobay-2cfa1a
caoutchoucsproduitslobay,Cie des Caoutchoucs et produits de la Lobay,head_office,"4, rue Le-Peletier, à Paris",1899,"Le Journal des débats, 28 septembre 1899",afrique-equatoriale-caoutchoucs-produits-lobay-2cfa1a
caoutchoucsproduitslobay,Cie des Caoutchoucs et produits de la Lobay,capital,2.000.000 francs,1907,"Cote de la Bourse et de la banque, 22 mai 1907",afrique-equatoriale-caoutchoucs-produits-lobay-2cfa1a
caoutchoucsproduitslobay,Cie des Caoutchoucs et produits de la Lobay,head_office,"12, rue du Château, à Roubaix. Ext., ordre du jour: Modifications aux",1907,"Cote de la Bourse et de la banque, 22 mai 1907",afrique-equatoriale-caoutchoucs-produits-lobay-2cfa1a
cavescongolaisesbrazzavilleleopoldville,"Caves congolaises, Brazzaville, Léopoldville",capital,500.000 francs,,,afrique-equatoriale-caves-congolaises-124113
cavescongolaisesbrazzavilleleopoldville,"Caves congolaises, Brazzaville, Léopoldville",head_office,Brazzaville (A.E.F.),,,afrique-equatoriale-caves-congolaises-124113
cheminfercongoocean,Chemin de fer Congo-Océan,head_office,du Service est à Madingou où sera installé,1926,"Les Annales coloniales, 20 juillet 1926",afrique-equatoriale-cfco-c849e9
cheminfercongoocean,Chemin de fer Congo-Océan,capital,2.000.000 fr,1927,"Les Annales coloniales, 3 mars 1927",afrique-equatoriale-cfco-c849e9
cheminfercongoocean,Chemin de fer Congo-Océan,head_office,Paris. Il est chargé de l'étude de tous les grands problèmes sanitaires internationaux qui,1930,"Les Annales coloniales, 18 octobre 1930",afrique-equatoriale-cfco-c849e9
cheminfercongoocean,Chemin de fer Congo-Océan,head_office,"est 7, rue de Madrid, vient de publier — il y a",1933,"Les Annales coloniales, 6 septembre 1933",afrique-equatoriale-cfco-c849e9
agricolekouilou,Compagnie Agricole du Kouilou,head_office,Paris,,,afrique-equatoriale-cie-agricole-kouilou-c69bd2
agricolekouilou,Compagnie Agricole du Kouilou,head_office,"est à Paris, 30",1900,"Cote de la Bourse et de la banque, 25 septembre 1900",afrique-equatoriale-cie-agricole-kouilou-c69bd2
agricolekouilou,Compagnie Agricole du Kouilou,head_office,social,1900,"La Dépêche coloniale, 13 octobre 1900",afrique-equatoriale-cie-agricole-kouilou-c69bd2
congooccidental,Compagnie du Congo Occidental,head_office,"est à Paris, 19, boulevard Malesherbes. Le capital est de 1 million, en",1929,"La Journée industrielle, 18 janvier 1929",afrique-equatoriale-cie-du-congo-occidental-279995
congo,Compagnie Française du Congo,capital,1.000.000 francs,,,afrique-equatoriale-cie-frse-congo-1898-1911-bd17be
congo,Compagnie Française du Congo,head_office,"rue des Petites-Écuries, 54, à Paris",,,afrique-equatoriale-cie-frse-congo-1898-1911-bd17be
congo,Compagnie Française du Congo,head_office,"est établi à Paris, rue des Petites-Écuries, 55",1937,"Maromme, 23 août 1852-Nantes, 19 janvier 1937",afrique-equatoriale-cie-frse-congo-1898-1911-bd17be
congo,Compagnie Française du Congo,head_office,"54, rue des Petites-Écuries, Paris. — Ordre du jour : Examen et approbation, s'il y",1899,"Cote de la Bourse et de la banque, 13 avril 1899",afrique-equatoriale-cie-frse-congo-1898-1911-bd17be
congo,Compagnie Française du Congo,head_office,"Paris, rue des Petites-Écuries, 54. — Adresse télégraphique :",1900,"Les Archives commerciales de la France, 25 juillet 1900",afrique-equatoriale-cie-frse-congo-1898-1911-bd17be
congo,Compagnie Française du Congo,capital,500 francs,1903,"La Dépêche coloniale, 22 février 1903",afrique-equatoriale-cie-frse-congo-1898-1911-bd17be
congo,Compagnie Française du Congo,head_office,"est à Paris, rue des Petites-écuries, 54",1903,"La Dépêche coloniale, 22 février 1903",afrique-equatoriale-cie-frse-congo-1898-1911-bd17be
congo,Compagnie Française du Congo,head_office,"54, rue des",1903,"La Cote de la Bourse et de la banque, 3 mars 1903",afrique-equatoriale-cie-frse-congo-1898-1911-bd17be
congo,Compagnie Française du Congo,head_office,"de la liquidation est à Paris, 4, rue Le-Peletier. —",1903,"Cote de la Bourse et de la banque, 16 avril 1903",afrique-equatoriale-cie-frse-congo-1898-1911-bd17be
congo,Compagnie Française du Congo,head_office,Lille,1903,"La Dépêche coloniale, 30 août 1903",afrique-equatoriale-cie-frse-congo-1898-1911-bd17be
congo,Compagnie Française du Congo,head_office,"était à Paris, rue Le-Peletier, 4, il appert que le siège",1904,"La Cote de la Bourse et de la banque, 7 juin 1904",afrique-equatoriale-cie-frse-congo-1898-1911-bd17be
congo,Compagnie Française du Congo,head_office,"15, rue du Pas, à Lille. (N.D.L.B.)",1928,"Paris, 1866-Saint-Mandé, 1928",afrique-equatoriale-cie-frse-congo-1898-1911-bd17be
industrielleafricaine,Compagnie Industrielle Africaine Française,head_office,est à Brazzaville (Afrique Equatoriale Française),1928,"La Journée industrielle, 20 octobre 1928",afrique-equatoriale-cie-industrielle-africaine-frse-3e4950
industrielleafricaine,Compagnie Industrielle Africaine Française,head_office,Brazzaville (colonie de l’Afrique-Équatoriale). — 75 ans. —,1928,"Les Archives commerciales de la France, 23 octobre 1928",afrique-equatoriale-cie-industrielle-africaine-frse-3e4950
industrielleafricaine,Compagnie Industrielle Africaine Française,capital,6.000.000 francs,1929,"Bulletin économique de l’AEF, avril 1929",afrique-equatoriale-cie-industrielle-africaine-frse-3e4950
industrielleafricaine,Compagnie Industrielle Africaine Française,head_office,Brazzaville. Objet :,1929,"Bulletin économique de l’AEF, avril 1929",afrique-equatoriale-cie-industrielle-africaine-frse-3e4950
industrielleafricaine,Compagnie Industrielle Africaine Française,capital,6.000.000 fr.,1929,"Recueil des Assemblées générales, 1929",afrique-equatoriale-cie-industrielle-africaine-frse-3e4950
industrielleafricaine,Compagnie Industrielle Africaine Française,head_office,Brazzaville,1929,"Recueil des Assemblées générales, 1929",afrique-equatoriale-cie-industrielle-africaine-frse-3e4950
industriellecongobaskouilou,"Compagnie Industrielle du Congo, Bas-Kouilou",capital,500.000 francs,,,afrique-equatoriale-cie-industrielle-congo-cc654b
industriellecongobaskouilou,"Compagnie Industrielle du Congo, Bas-Kouilou",head_office,"Bas-Kouilou, circonscription du Kouilou, Moyen-Congo (A. E. F.). Toutes",,,afrique-equatoriale-cie-industrielle-congo-cc654b
industriellecongobaskouilou,"Compagnie Industrielle du Congo, Bas-Kouilou",head_office,"31, rue François-1er, Paris 8e : p.s.a. [parti sans laisser d’adresse.]",1935,"L’Étoile de l’AEF, 26 septembre 1935",afrique-equatoriale-cie-industrielle-congo-cc654b
trechot,Tréchot,capital,300.000 fr.,,,afrique-equatoriale-cinq-freres-trechot-b97097
minierecongomindouli,"Cie Minière du Congo français, Mindouli",founded_date,1905-06-20,,,afrique-equatoriale-cmcf-1905-1921-701e61
minierecongomindouli,"Cie Minière du Congo français, Mindouli",capital,500.000 fr.,1909,"L’Écho des mines et de la métallurgie, 23 décembre 1909",afrique-equatoriale-cmcf-1905-1921-701e61
minierecongomindouli,"Cie Minière du Congo français, Mindouli",head_office,"est à Lyon, rue de Bounel, 19, et l'objet de cette société est",1909,"L’Écho des mines et de la métallurgie, 23 décembre 1909",afrique-equatoriale-cmcf-1905-1921-701e61
minierecongomindouli,"Cie Minière du Congo français, Mindouli",capital,4.000.000 francs,1910,"Les Annales coloniales, 17 novembre 1910",afrique-equatoriale-cmcf-1905-1921-701e61
minierecongomindouli,"Cie Minière du Congo français, Mindouli",head_office,"est à Lyon, qui",1910,"Les Annales coloniales, 17 novembre 1910",afrique-equatoriale-cmcf-1905-1921-701e61
minierecongomindouli,"Cie Minière du Congo français, Mindouli",capital,4.000.000 fr.,1911,"L'Information financière, 8 novembre 1911",afrique-equatoriale-cmcf-1905-1921-701e61
minierecongomindouli,"Cie Minière du Congo français, Mindouli",head_office,"19, rue de Bonnel, à Lyon, ou aux banques désignées ci-après :",1911,"L'Information financière, 8 novembre 1911",afrique-equatoriale-cmcf-1905-1921-701e61
minierecongomindouli,"Cie Minière du Congo français, Mindouli",head_office,au lieu fixé par une convocation passée dans un journal d'annonces légales du,1912,"La Cote de la Bourse et de la banque, 24 janvier 1912",afrique-equatoriale-cmcf-1905-1921-701e61
minierecongomindouli,"Cie Minière du Congo français, Mindouli",capital,1.200.000 francs,1913,"Les Annales coloniales, 27 mai 1913",afrique-equatoriale-cmcf-1905-1921-701e61
minierecongomindouli,"Cie Minière du Congo français, Mindouli",head_office,"est à Lyon, 19, rue de Bonnel",1913,"Les Annales coloniales, 27 mai 1913",afrique-equatoriale-cmcf-1905-1921-701e61
minierecongomindouli,"Cie Minière du Congo français, Mindouli",head_office,Paris a été ajourné à un an,1920,"L'Information financière, 5 mars 1920, p. 1",afrique-equatoriale-cmcf-1905-1921-701e61
minierecongomindouli,"Cie Minière du Congo français, Mindouli",capital,770.000 fr.,1920,"L'Information financière, 30 juillet 1920",afrique-equatoriale-cmcf-1905-1921-701e61
minierecongo,Cie Minière du Congo français,capital,55 millions francs,1933,"Le Temps, 30 mars 1933",afrique-equatoriale-cmcf-1931-1964-b751b2
minierecongo,Cie Minière du Congo français,head_office,"Lyon, 16, cours Lafayette",1933,"Le Temps, 30 mars 1933",afrique-equatoriale-cmcf-1931-1964-b751b2
minierecongo,Cie Minière du Congo français,founded_date,1905-06-20,1936,"Les Journal des débats, 30 juillet 1936",afrique-equatoriale-cmcf-1931-1964-b751b2
minierecongo,Cie Minière du Congo français,head_office,"admin. : 9, rue Chauchat, PARIS (9e)",1936,"Les Journal des débats, 30 juillet 1936",afrique-equatoriale-cmcf-1931-1964-b751b2
minierecongo,Cie Minière du Congo français,head_office,Lyon,1937,"Archives commerciales de la France, 20 janvier 1937",afrique-equatoriale-cmcf-1931-1964-b751b2
minierecongo,Cie Minière du Congo français,capital,30.800.000 FRANCS,1938,"Les Annales coloniales, 26 septembre 1938",afrique-equatoriale-cmcf-1931-1964-b751b2
minierecongo,Cie Minière du Congo français,head_office,"31, rue Paul-Chenavard, LYON",1938,"Les Annales coloniales, 26 septembre 1938",afrique-equatoriale-cmcf-1931-1964-b751b2
minierecongo,Cie Minière du Congo français,capital,93.150.000 FR.,1950,"L’Information financière, économique et politique, 29 juillet 1950",afrique-equatoriale-cmcf-1931-1964-b751b2
minierecongo,Cie Minière du Congo français,head_office,"31, rue Paul-Chenavard, Lyon. R.C. Lyon 2.538 B",1950,"L’Information financière, économique et politique, 29 juillet 1950",afrique-equatoriale-cmcf-1931-1964-b751b2
minierecongo,Cie minière du Congo français,founded_date,1905-06-20,1951,"AEC 1951, p. 546",afrique-equatoriale-cmcf-1931-1964-b751b2
minierecongo,Cie minière du Congo français,head_office,"admin. :9, rue Chauchat, Paris (9e)",1951,"AEC 1951, p. 546",afrique-equatoriale-cmcf-1931-1964-b751b2
boismayumbe,Compagnie des Bois du Mayumbé,capital,36.000.000 fr.,,,afrique-equatoriale-coboma-7e196f
boismayumbe,Compagnie des Bois du Mayumbé,head_office,"Paris, 96 bis, boulevard Haussmann",,,afrique-equatoriale-coboma-7e196f
colonialebaniembe,Société Coloniale du Baniembé,capital,1.200.000 fr.,1921,"JORF, 22 septembre 1921",afrique-equatoriale-coloniale-du-baniembe-c3e590
colonialebaniembe,Société Coloniale du Baniembé,capital,1.200.000 francs,1899,"La Cote de la Bourse et de la banque, 19 août 1899",afrique-equatoriale-coloniale-du-baniembe-c3e590
colonialebaniembe,Société Coloniale du Baniembé,head_office,"de la société est établi à Paris, rue de Hanovre, no 6",1899,"La Cote de la Bourse et de la banque, 19 août 1899",afrique-equatoriale-coloniale-du-baniembe-c3e590
colonialebaniembe,Société Coloniale du Baniembé,capital,1.200.000 francs,1902,"La Dépêche coloniale, 28 décembre 1902",afrique-equatoriale-coloniale-du-baniembe-c3e590
colonialebaniembe,Société Coloniale du Baniembé,head_office,"est à Paris, rue de Hanovre, no 6, et elle a une succursale à Anvers",1902,"La Dépêche coloniale, 28 décembre 1902",afrique-equatoriale-coloniale-du-baniembe-c3e590
colonialebaniembe,Société Coloniale du Baniembé,head_office,"de la société, rue de Grammont, 10",1908,"Cote de la Bourse et de la banque, 4 mai 1908",afrique-equatoriale-coloniale-du-baniembe-c3e590
colonialebaniembe,Société Coloniale du Baniembé,capital,1.200.000 fr.,1909,"Cote de la Bourse et de la banque, 28 juin 1909",afrique-equatoriale-coloniale-du-baniembe-c3e590
colonialebaniembe,Société Coloniale du Baniembé,head_office,devra être en territoire français,1910,"Journal officiel, 12 juillet 1910",afrique-equatoriale-coloniale-du-baniembe-c3e590
lyonnaiseafriqueequatoriale,Cie lyonnaise de l'Afrique équatoriale française,founded_date,1921-08-26,1922,"AEC 1922, p. 256",afrique-equatoriale-colyaf-bc94b5
lyonnaiseafriqueequatoriale,Cie lyonnaise de l'Afrique équatoriale française,capital,1.250.000 fr.,1923,"Les Archives commerciales de la France, 24 février 1923",afrique-equatoriale-colyaf-bc94b5
lyonnaiseafriqueequatoriale,Cie lyonnaise de l'Afrique équatoriale française,head_office,"Lyon, 12, rue Alphonse-Fochier",1923,"Les Archives commerciales de la France, 24 février 1923",afrique-equatoriale-colyaf-bc94b5
lyonnaiseafriqueequatoriale,Cie lyonnaise de l'Afrique équatoriale française,capital,1.775.000 fr.,1927,"Les Archives commerciales de la France, 3 juin 1927",afrique-equatoriale-colyaf-bc94b5
lyonnaiseafriqueequatoriale,Cie lyonnaise de l'Afrique équatoriale française,head_office,"27, q. Bibliothèque",1927,"Les Archives commerciales de la France, 3 juin 1927",afrique-equatoriale-colyaf-bc94b5
lyonnaiseafriqueequatoriale,Cie lyonnaise de l'Afrique équatoriale française,capital,3.000.000 fr.,1928,"Le Journal des débats, 10 mai 1928",afrique-equatoriale-colyaf-bc94b5
lyonnaiseafriqueequatoriale,Cie lyonnaise de l'Afrique équatoriale française,head_office,"Lyon, 27, quai de la Bibliothèque",1928,"Le Journal des débats, 10 mai 1928",afrique-equatoriale-colyaf-bc94b5
commercialecolonialekadeisangha,Compagnie Commerciale et Coloniale de la Kadeï-Sangha,capital,1.000.000 francs,1899,"Cote de la Bourse et de la banque, 31 juillet 1899",afrique-equatoriale-comcol-kadei-sangha-cab37b
commercialecolonialekadeisangha,Compagnie Commerciale et Coloniale de la Kadeï-Sangha,head_office,"est établi à Paris, 84, rue Lauriston",1899,"Cote de la Bourse et de la banque, 31 juillet 1899",afrique-equatoriale-comcol-kadei-sangha-cab37b
commercialecolonialekadeisangha,Compagnie Commerciale et Coloniale de la Kadeï-Sangha,head_office,"de la compagnie, du no 8 de la rue de Mogador, au no 37 de la rue de",1904,"Cote de la Bourse et de la banque, 10 décembre 1904",afrique-equatoriale-comcol-kadei-sangha-cab37b
commercialecolonialekadeisangha,Compagnie Commerciale et Coloniale de la Kadeï-Sangha,head_office,"37, rue de Trévise, à Paris. — Petites Affiches, 8",1905,"Cote de la Bourse et de la banque, 9 mars 1905",afrique-equatoriale-comcol-kadei-sangha-cab37b
commercialecolonialekadeisangha,Compagnie Commerciale et Coloniale de la Kadeï-Sangha,head_office,"5, rue de La-Rochefoucauld, sous la présidence de M. René Henry, président du",1910,"Les Annales coloniales, 22 septembre 1910",afrique-equatoriale-comcol-kadei-sangha-cab37b
commercialecolonialekadeisangha,Compagnie Commerciale et Coloniale de la Kadeï-Sangha,head_office,de la société,1928,"Paris, 1866-Saint-Mandé, 1928",afrique-equatoriale-comcol-kadei-sangha-cab37b
commercialecolonialekadeisangha,Compagnie Commerciale et Coloniale de la Kadeï-Sangha,head_office,5 rue de La-,1910,"Les Annales coloniales, 17 novembre 1910",afrique-equatoriale-comcol-kadei-sangha-cab37b
sangha,Compagnie de la Sangha,capital,800.000 francs,1899,"Paris-Capital, 5 juillet 1899",afrique-equatoriale-compagnie-de-la-sangha-0d67ac
sangha,Compagnie de la Sangha,capital,800.000 fr.,1899,"Les Archives commerciales de la France, 29 juillet 1899",afrique-equatoriale-compagnie-de-la-sangha-0d67ac
sangha,Compagnie de la Sangha,head_office,"Paris, rue Châteaudun, 41 bis. — Adresse télégraphique : Comafrican",1899,"Les Archives commerciales de la France, 29 juillet 1899",afrique-equatoriale-compagnie-de-la-sangha-0d67ac
congomines,Congo-Mines,capital,26 millions francs,1928,"L’Écho des mines et de la métallurgie, 20 octobre 1928",afrique-equatoriale-congo-mines-1928-1932-669d8f
congomines,Congo-Mines,capital,10.000.000 francs,1928,"La Journée industrielle, 17 novembre 1928",afrique-equatoriale-congo-mines-1928-1932-669d8f
congomines,Congo-Mines,head_office,"est à Paris, 103, rue Saint-Lazare",1928,"La Journée industrielle, 17 novembre 1928",afrique-equatoriale-congo-mines-1928-1932-669d8f
congomines,Congo-Mines,head_office,"106, rue de Richelieu, PARIS",1930,"Marseille, 1865-Addis-Abéba, 1930",afrique-equatoriale-congo-mines-1928-1932-669d8f
congomines,Congo-Mines,capital,25.000.000 fr.,1928,"L’Écho des mines et de la métallurgie, 1er décembre 1928",afrique-equatoriale-congo-mines-1928-1932-669d8f
congomines,Congo-Mines,head_office,"est à Paris, 103, rue Saint-Lazare",1928,"L’Écho des mines et de la métallurgie, 1er décembre 1928",afrique-equatoriale-congo-mines-1928-1932-669d8f
consortiumminiercongoniari,Consortium minier Congo-Niari,head_office,"est à Paris, 103, rue Saint-Lazare",1929,"La Journée industrielle, 15 septembre 1929",afrique-equatoriale-consortium-minier-congo-niari-a7ee0c
consortiumminiercongoniari,Consortium minier Congo-Niari,head_office,"est à Paris, 103, rue Saint-Lazare",1932,"La Journée industrielle, 11 février 1932",afrique-equatoriale-consortium-minier-congo-niari-a7ee0c
consortiumminiercongoniari,Consortium minier Congo-Niari,head_office,"transféré du 105, rue Saint-Lazare, au 9, rue Chauchat, à Paris",1935,"Les Annales coloniales, 10 septembre 1935",afrique-equatoriale-consortium-minier-congo-niari-a7ee0c
consortiumminiercongoniari,Consortium minier Congo-Niari,capital,55.000.000 fr.,1936,"Archives commerciales de la France, 28 août 1936",afrique-equatoriale-consortium-minier-congo-niari-a7ee0c
developpementcongo,Société pour le Développement du Congo français,head_office,"6, boulevard Haussmann, à Paris",1957,"L’Information financière, économique et politique, 6 juillet 1957",afrique-equatoriale-developpement-congo-frs-c7112e
domaineottinokayes,Domaine Ottino à Kayes,head_office,"Kayes, au Soudan",1952,"Le Monde des affaires, Paris, SEDE, 1952",afrique-equatoriale-domaine-ottino-kayes-5de71f
ekelakadeisangha,Ékéla-Kadeï-Sangha,head_office,"est resté rue de la Victoire, no 64, à Paris",1903,"La Dépêche coloniale, 27 décembre 1903",afrique-equatoriale-ekela-kadei-sangha-26279c
ekelakadeisangha,Ékéla-Kadeï-Sangha,capital,1.700.000 fr.,1904,"La Dépêche coloniale, 18 septembre 1904",afrique-equatoriale-ekela-kadei-sangha-26279c
ekelakadeisangha,Ékéla-Kadeï-Sangha,head_office,Paris,1904,"La Dépêche coloniale, 18 septembre 1904",afrique-equatoriale-ekela-kadei-sangha-26279c
ekelakadeisangha,Ékéla-Kadeï-Sangha,head_office,social,1930,"Marseille, 1865-Addis-Abéba, 1930",afrique-equatoriale-ekela-kadei-sangha-26279c
ekelakadeisangha,Ékéla-Kadeï-Sangha,head_office,"Paris, 64, rue de la Victoire. En",1906,"Cote de la Bourse et de la banque, 1er octobre 1906",afrique-equatoriale-ekela-kadei-sangha-26279c
ekelakadeisangha,Ékéla-Kadeï-Sangha,capital,1.500.060 francs,1908,"L'Information financière, économique et politique, 17 novembre 1908",afrique-equatoriale-ekela-kadei-sangha-26279c
ekelakadeisangha,Ékéla-Kadeï-Sangha,head_office,social,1908,"L'Information financière, économique et politique, 17 novembre 1908",afrique-equatoriale-ekela-kadei-sangha-26279c
ekelakadeisangha,Ékéla-Kadeï-Sangha,head_office,"à Paris, rue La-",1909,"Les Annales coloniales, 28 octobre 1909",afrique-equatoriale-ekela-kadei-sangha-26279c
ekelakadeisangha,Ékéla-Kadeï-Sangha,head_office,"5, rue de La-Rochefoucauld, à Paris",1909,"L'Information financière, économique et politique, 9 novembre 1909",afrique-equatoriale-ekela-kadei-sangha-26279c
ekelasangha,Compagnie de l'Ékéla-Sangha,capital,"700,0000 francs",1899,"Le Droit, 18 mai 1899",afrique-equatoriale-ekela-sangha-6a9d74
ekelasangha,Compagnie de l'Ékéla-Sangha,head_office,"provisoire, à Paris, 42, rue",1899,"Le Droit, 18 mai 1899",afrique-equatoriale-ekela-sangha-6a9d74
ekelasangha,Compagnie de l'Ékéla-Sangha,capital,700.000 fr.,1899,"Cote de la Bourse et de la banque, 30 septembre 1899",afrique-equatoriale-ekela-sangha-6a9d74
ekelasangha,Compagnie de l'Ékéla-Sangha,head_office,"de la société fixé à Paris, provisoirement, 42, rue Boileau, est définitivement",1899,"Cote de la Bourse et de la banque, 30 septembre 1899",afrique-equatoriale-ekela-sangha-6a9d74
ekelasangha,Compagnie de l'Ékéla-Sangha,head_office,"Paris, rue Saint-Georges, 20. — Adresse télégraphique :",1899,"La Dépêche coloniale, 7 juillet 1899",afrique-equatoriale-ekela-sangha-6a9d74
ekelasangha,Compagnie de l'Ékéla-Sangha,head_office,"Paris, rue de la Victoire, no 64",1927,"JORF, 19 mai 1927",afrique-equatoriale-ekela-sangha-6a9d74
ekelasangha,Compagnie de l'Ékéla-Sangha,capital,700.000 francs,1903,"La Dépêche coloniale, 8 février 1903",afrique-equatoriale-ekela-sangha-6a9d74
ekelasangha,Compagnie de l'Ékéla-Sangha,head_office,est à Paris,1903,"La Dépêche coloniale, 8 février 1903",afrique-equatoriale-ekela-sangha-6a9d74
entreprisestravaux,Entreprises et travaux,founded_date,1930-08-25,,,afrique-equatoriale-entraco-242253
entreprisestravaux,Entreprises et travaux,head_office,Brazzaville (Moyen-Congo),,,afrique-equatoriale-entraco-242253
entreprisestravaux,Entreprises et travaux,capital,13 millions francs,1936,"Le Journal des finances, 25 décembre 1936",afrique-equatoriale-entraco-242253
entreprisestravaux,Entreprises et travaux,head_office,est à Pointe-Noire (A.E.F.),1936,"Le Journal des finances, 25 décembre 1936",afrique-equatoriale-entraco-242253
etudesminieresboumba,Société d'Études minières de Boumba,head_office,"Paris, rue Mogador, 8",1906,"Cote de la Bourse et de la banque, 23 août 1906",afrique-equatoriale-etudes-minieres-boumba-b28b5e
exploitationcaoutchouccongolyon,"Société pour l'Exploitation du caoutchouc au Congo, Lyon, puis Villeurbanne",capital,500.000 fr.,1905,"Archives commerciales de la France, 27 septembre 1905",afrique-equatoriale-exploitation-caoutchouc-congo-95628c
exploitationcaoutchouccongolyon,"Société pour l'Exploitation du caoutchouc au Congo, Lyon, puis Villeurbanne",head_office,"Lyon, 83, cours Lafayette",1905,"Archives commerciales de la France, 27 septembre 1905",afrique-equatoriale-exploitation-caoutchouc-congo-95628c
exploitationcaoutchouccongolyon,"Société pour l'Exploitation du caoutchouc au Congo, Lyon, puis Villeurbanne",head_office,"Villeurbanne, 70, rue d'Alsace). — Exploitation du caoutchouc",1909,"Journal des finances, 25 septembre 1909",afrique-equatoriale-exploitation-caoutchouc-congo-95628c
explorationminierecongo,Exploration minière au Congo,head_office,"est à Paris, 9, rue Chauchat",1939,"La Journée industrielle, 22 août 1939",afrique-equatoriale-exploration-miniere-au-congo-6b7bfa
explorationminiereequatoriale,Société d'Exploration minière équatoriale,capital,3.500.000 fr.,1928,"La Journée industrielle, 5 février 1928",afrique-equatoriale-exploration-miniere-equat-181b2d
explorationminiereequatoriale,Société d'Exploration minière équatoriale,head_office,"est à Paris, 103, rue Saint-Lazare [= siège de la Compagnie minière du",1928,"La Journée industrielle, 5 février 1928",afrique-equatoriale-exploration-miniere-equat-181b2d
explorationminiereequatoriale,Société d'Exploration minière équatoriale,capital,2.500.000 fr.,1928,"La Cote de la Bourse et de la banque, 8 février 1928",afrique-equatoriale-exploration-miniere-equat-181b2d
explorationminiereequatoriale,Société d'Exploration minière équatoriale,head_office,"103, rue Saint-Lazare, à Paris. Conseil",1928,"La Cote de la Bourse et de la banque, 8 février 1928",afrique-equatoriale-exploration-miniere-equat-181b2d
explorationminiereequatoriale,Société d'Exploration minière équatoriale,capital,2.500.000 fr.,1930,"Les Annales coloniales, 18 janvier 1930",afrique-equatoriale-exploration-miniere-equat-181b2d
explorationminiereequatoriale,Société d'Exploration minière équatoriale,head_office,"est à Paris, 103, rue de Richelieu, viennent d'être annulées",1930,"Les Annales coloniales, 18 janvier 1930",afrique-equatoriale-exploration-miniere-equat-181b2d
explorationminiereequatoriale,Société d'Exploration minière équatoriale,capital,15.590.000 francs,1931,"La Cote de la Bourse et de la banque, 16 juillet 1931",afrique-equatoriale-exploration-miniere-equat-181b2d
explorationminiereequatoriale,Société d'Exploration minière équatoriale,head_office,"105, rue St-Lazare. — Journ. spéc. des",1933,"Archives commerciales de la France, 28 juillet 1933",afrique-equatoriale-exploration-miniere-equat-181b2d
explorationminiereequatoriale,Société d'Exploration minière équatoriale,head_office,"transféré 9, rue Chauchat. — Le Droit",1935,"Archives commerciales de la France, 2 août 1935",afrique-equatoriale-exploration-miniere-equat-181b2d
bascongo,Compagnie Française du Bas-Congo,capital,2.500.000 francs,,,afrique-equatoriale-francaise-du-bas-congo-22a9ba
bascongo,Compagnie Française du Bas-Congo,head_office,"52, boulevard Haussmann, Paris",,,afrique-equatoriale-francaise-du-bas-congo-22a9ba
bascongo,Compagnie Française du Bas-Congo,capital,2.500.000 francs,1910,"Le Temps, 19 novembre 1910",afrique-equatoriale-francaise-du-bas-congo-22a9ba
bascongo,Compagnie Française du Bas-Congo,head_office,"est à Paris, boulevard Haussmann, no 52, sont",1910,"Le Temps, 19 novembre 1910",afrique-equatoriale-francaise-du-bas-congo-22a9ba
bascongo,Compagnie Française du Bas-Congo,head_office,"Paris, 52, boulevard Haussmann. —",1910,"La Cote de la Bourse et de la banque, 24 décembre 1910",afrique-equatoriale-francaise-du-bas-congo-22a9ba
bascongo,Cie française du Bas-Congo,capital,4.000.000 fr.,1924,"La Journée industrielle, 1er mai 1924",afrique-equatoriale-francaise-du-bas-congo-22a9ba
bascongo,Cie française du Bas-Congo,head_office,"14, rue Ballu, à Paris, les",1924,"La Journée industrielle, 1er mai 1924",afrique-equatoriale-francaise-du-bas-congo-22a9ba
bascongo,Cie française du Bas-Congo,head_office,"14, rue Ballu, à Paris, a",1924,"La Journal industrielle, 30 décembre 1924",afrique-equatoriale-francaise-du-bas-congo-22a9ba
bascongo,Cie française du Bas-Congo,capital,2.500.000 fr.,1929,"Le Journal des finances, 11 janvier 1929",afrique-equatoriale-francaise-du-bas-congo-22a9ba
hautcongo,Compagnie Française du Haut-Congo,head_office,"Paris, rue Grange-",1899,"La Cote de la Bourse et de la banque, 11 août 1899",afrique-equatoriale-francaise-du-haut-congo-4ad225
hautcongo,Compagnie Française du Haut-Congo,head_office,"de la présente société est fixé à Paris, rue Grange-Batelière, 13",1923,"Paris, 1880-Paris, 1923",afrique-equatoriale-francaise-du-haut-congo-4ad225
hautcongo,Compagnie Française du Haut-Congo,capital,2.500.000 fr.,1915,"Verdun, 26 nov. 1836-Paris, novembre 1915",afrique-equatoriale-francaise-du-haut-congo-4ad225
hautcongo,Compagnie Française du Haut-Congo,head_office,"rue Grange-Batelière, 13",1915,"Verdun, 26 nov. 1836-Paris, novembre 1915",afrique-equatoriale-francaise-du-haut-congo-4ad225
hautcongo,Compagnie Française du Haut-Congo,capital,2.500.000 francs,1900,"Le Temps, 7 mai 1900",afrique-equatoriale-francaise-du-haut-congo-4ad225
hautcongo,Compagnie Française du Haut-Congo,head_office,"Paris, rue de la Grange-Batelière, 13. T. 287-99. — Adresse",1900,"Le Temps, 7 mai 1900",afrique-equatoriale-francaise-du-haut-congo-4ad225
hautcongo,Compagnie Française du Haut-Congo,capital,2.500.000 francs,1902,"La Dépêche coloniale, 21 décembre 1902",afrique-equatoriale-francaise-du-haut-congo-4ad225
hautcongo,Compagnie Française du Haut-Congo,head_office,"est à Paris, rue Grange-Batelière, no 13",1902,"La Dépêche coloniale, 21 décembre 1902",afrique-equatoriale-francaise-du-haut-congo-4ad225
hautcongo,Compagnie Française du Haut-Congo,head_office,social,1909,"L'Événement, 22 mai 1909",afrique-equatoriale-francaise-du-haut-congo-4ad225
hautcongo,Compagnie Française du Haut-Congo,head_office,"— Précédemment installé, 13, rue d’Hauteville",1909,"Cote de la Bourse et de la banque, 5 juillet 1909",afrique-equatoriale-francaise-du-haut-congo-4ad225
hautcongo,Compagnie Française du Haut-Congo,capital,2.500.000 francs,1910,"Cote de la Bourse et de la banque,15 juillet 1910",afrique-equatoriale-francaise-du-haut-congo-4ad225
hautcongo,Compagnie Française du Haut-Congo,capital,2.500.000 francs,1910,"Les Annales coloniales, 17 novembre 1910",afrique-equatoriale-francaise-du-haut-congo-4ad225
hautcongo,Compagnie Française du Haut-Congo,head_office,"est à Paris, boulevard Haussmann, no 52",1910,"Les Annales coloniales, 17 novembre 1910",afrique-equatoriale-francaise-du-haut-congo-4ad225
hautcongo,Cie française du Haut-Congo,founded_date,1890-03-31,1922,"AEC 1922, p. 251",afrique-equatoriale-francaise-du-haut-congo-4ad225
francecongofrancecongofrancecongo,"France-Congo, France-Congo, Nouvelle Société France-Congo",head_office,"Paris, 24, rue des Petites-Écuries. Cette dernière",,,afrique-equatoriale-france-congo-1919-1939-f2da2d
francecongofrancecongofrancecongo,"France-Congo, France-Congo, Nouvelle Société France-Congo",head_office,"de la société est à Paris, 24, rue des Petites-Écuries (10e arrondissement)",1919,"Bulletin municipal officiel de la ville de Paris, 17 septembre 1919",afrique-equatoriale-france-congo-1919-1939-f2da2d
francecongofrancecongofrancecongo,"France-Congo, France-Congo, Nouvelle Société France-Congo",head_office,"21, rue des Petites-Écuries, à Paris",1920,"Bulletin municipal officiel de la ville de Paris, 5 février 1920",afrique-equatoriale-france-congo-1919-1939-f2da2d
francecongofrancecongofrancecongo,"France-Congo, France-Congo, Nouvelle Société France-Congo",head_office,"était à Paris, 24, rue des",1925,"La Journée industrielle, 1er novembre 1925",afrique-equatoriale-france-congo-1919-1939-f2da2d
francecongofrancecongofrancecongo,"France-Congo, France-Congo, Nouvelle Société France-Congo",head_office,Anvers,1926,"Journal officiel de l'Afrique équatoriale française, 15 juillet 1926",afrique-equatoriale-france-congo-1919-1939-f2da2d
francecongofrancecongofrancecongo,"France-Congo, France-Congo, Nouvelle Société France-Congo",capital,300.000 francs,1936,"L’Étoile de l’AEF, 26 septembre 1936, p. 2",afrique-equatoriale-france-congo-1919-1939-f2da2d
francecongofrancecongofrancecongo,"France-Congo, France-Congo, Nouvelle Société France-Congo",capital,500.000 francs,1937,"L’Étoile de l’AEF, 27 mars 1937, p. 2",afrique-equatoriale-france-congo-1919-1939-f2da2d
francecongofrancecongofrancecongo,"France-Congo, France-Congo, Nouvelle Société France-Congo",head_office,BANGUI (A. E. F.),1937,"L’Étoile de l’AEF, 27 mars 1937, p. 2",afrique-equatoriale-france-congo-1919-1939-f2da2d
francecongofrancecongofrancecongo,"France-Congo, France-Congo, Nouvelle Société France-Congo",capital,300.000 francs,1942,"Journal officiel de l'Afrique équatoriale française, 15 avril 1942",afrique-equatoriale-france-congo-1919-1939-f2da2d
fruitscoloniauxparisbrazzavilleparis,"Fruits coloniaux, Paris-Brazzaville-Paris",head_office,"Paris, 4, rue de Sèze",1928,"Revue générale du froid, juillet-août 1928",afrique-equatoriale-fruits-coloniaux-1928-1934-f2a4b3
fruitscoloniauxparisbrazzavilleparis,"Fruits coloniaux, Paris-Brazzaville-Paris",capital,1.000.000 francs,1928,"Les Archives commerciales de la France, 3 août 1928",afrique-equatoriale-fruits-coloniaux-1928-1934-f2a4b3
fruitscoloniauxparisbrazzavilleparis,"Fruits coloniaux, Paris-Brazzaville-Paris",head_office,BRAZZAVILLE,1928,"Les Archives commerciales de la France, 3 août 1928",afrique-equatoriale-fruits-coloniaux-1928-1934-f2a4b3
fruitscoloniauxparisbrazzavilleparis,"Fruits coloniaux, Paris-Brazzaville-Paris",head_office,PARIS,1929,"Revue générale du froid, décembre 1929",afrique-equatoriale-fruits-coloniaux-1928-1934-f2a4b3
fruitscoloniauxparisbrazzavilleparis,"Fruits coloniaux, Paris-Brazzaville-Paris",head_office,Brazzaville,1930,"Les Archives commerciales de la France, 29 janvier 1930",afrique-equatoriale-fruits-coloniaux-1928-1934-f2a4b3
fruitscoloniauxparisbrazzavilleparis,"Fruits coloniaux, Paris-Brazzaville-Paris",capital,3.000.000 fr.,1930,"Les Archives commerciales de la France, 3 février 1930",afrique-equatoriale-fruits-coloniaux-1928-1934-f2a4b3
fruitscoloniauxparisbrazzavilleparis,"Fruits coloniaux, Paris-Brazzaville-Paris",head_office,"Paris, est, à partir du 25 août 1928",1930,"Les Annales coloniales, 4 mars 1930",afrique-equatoriale-fruits-coloniaux-1928-1934-f2a4b3
fruitscoloniauxparisbrazzavilleparis,"Fruits coloniaux, Paris-Brazzaville-Paris",capital,3.750.600 fr.,1932,"Les Archives commerciales de la France, 18 avril 1932",afrique-equatoriale-fruits-coloniaux-1928-1934-f2a4b3
gabonniari,Gabon-Niari,capital,100.000 fr.,1936,"La Journée industrielle, 18 août 1936",afrique-equatoriale-gabon-niari-22eb07
gabonniari,Gabon-Niari,head_office,"Paris, 51 bis, rue Sainte-Anne",1936,"La Journée industrielle, 18 août 1936",afrique-equatoriale-gabon-niari-22eb07
gabonniari,Gabon-Niari,capital,21.000.000 fr.,1939,"BALO, 7 août 1939",afrique-equatoriale-gabon-niari-22eb07
gabonniari,Gabon-Niari,head_office,"Paris, 51 bis, rue Sainte-Anne",1939,"BALO, 7 août 1939",afrique-equatoriale-gabon-niari-22eb07
gabonniari,Gabon-Niari,capital,15.750.000 fr.,1950,"BALO, 6 novembre 1950",afrique-equatoriale-gabon-niari-22eb07
gabonniari,Gabon-Niari,head_office,Dolisie (Afrique équatoriale française),1950,"BALO, 6 novembre 1950",afrique-equatoriale-gabon-niari-22eb07
sanghalikouala,Compagnie Générale Sangha-Likouala,capital,6.000.000 fr.,,,afrique-equatoriale-generale-sangha-likouala-da2f02
sanghalikouala,Compagnie Générale Sangha-Likouala,head_office,Brazzaville,,,afrique-equatoriale-generale-sangha-likouala-da2f02
sanghalikouala,Compagnie Générale Sangha-Likouala,founded_date,1929-03-15,1935,"La Cote de la Bourse et de la banque, 14 décembre 1935",afrique-equatoriale-generale-sangha-likouala-da2f02
sanghalikouala,Compagnie générale Sangha-Likouala,founded_date,1929-03-15,1951,"AEC 1951, p. 471",afrique-equatoriale-generale-sangha-likouala-da2f02
sanghalikouala,Compagnie générale Sangha-Likouala,capital,35.000.000 francs,1951,"AEC 1951, p. 471",afrique-equatoriale-generale-sangha-likouala-da2f02
sanghalikouala,Compagnie générale Sangha-Likouala,head_office,Brazzaville,1951,"AEC 1951, p. 471",afrique-equatoriale-generale-sangha-likouala-da2f02
hecker,Hecker,head_office,est fixé à Pointe-Noire,1928,"JOAEF, 15 janvier 1928, p. 140",afrique-equatoriale-hecker-pointe-noire-f1b38d
hecker,Hecker,head_office,Pointe-Noire établie entre MM. Charles-,1929,"JOAEF, 15 août 1929, p. 839",afrique-equatoriale-hecker-pointe-noire-f1b38d
hecker,Hecker,head_office,"est à Pointe-Noire, le",1945,"JOAEF, 1er décembre 1945, p. 972",afrique-equatoriale-hecker-pointe-noire-f1b38d
huileriesmoyencongo,Huileries du Moyen-Congo,founded_date,1929-12-03,,,afrique-equatoriale-huileries-du-moyen-congo-09a340
huileriesmoyencongo,Huileries du Moyen-Congo,capital,2.500.000 francs,,,afrique-equatoriale-huileries-du-moyen-congo-09a340
huileriesmoyencongo,Huileries du Moyen-Congo,head_office,Congotali (Colonie de Moyen-Congo). Toutes opérations forestières,,,afrique-equatoriale-huileries-du-moyen-congo-09a340
huileriesmoyencongo,Huileries du Moyen-Congo,capital,2.500.000 FRANCS,1930,"Statuts J.O.A.E.F., 15 février 1930",afrique-equatoriale-huileries-du-moyen-congo-09a340
huileriesmoyencongo,Huileries du Moyen-Congo,head_office,CONGOTALI (MOYEN-CONGO),1930,"Statuts J.O.A.E.F., 15 février 1930",afrique-equatoriale-huileries-du-moyen-congo-09a340
huileriesmoyencongo,Huileries du Moyen-Congo,capital,21.400.000 francs,1937,"Journal des finances, 11 juin 1937",afrique-equatoriale-huileries-du-moyen-congo-09a340
huileriesmoyencongo,Huileries du Moyen-Congo,head_office,Pointe-Noire A.E.F,1937,"Journal des finances, 11 juin 1937",afrique-equatoriale-huileries-du-moyen-congo-09a340
hydroelectriquecongo,Société Hydro-Electrique du Congo Français,capital,500.000 fr.,1928,"La Journée industrielle, 28 août 1928",afrique-equatoriale-hydro-electrique-congo-frs-da23c7
hydroelectriquecongo,Société Hydro-Electrique du Congo Français,head_office,"est à Paris, 29, rue de Londres",1928,"La Journée industrielle, 28 août 1928",afrique-equatoriale-hydro-electrique-congo-frs-da23c7
hydroelectriquecongo,Société Hydro-Electrique du Congo Français,head_office,"est à Paris, 29",1929,"Les Annales coloniales, 22 octobre 1929",afrique-equatoriale-hydro-electrique-congo-frs-da23c7
hydroelectriquecongo,Société Hydro-Electrique du Congo Français,head_office,de la Compagnie de la Chine et des Indes,1930,"Les Annales coloniales, 11 juillet 1930",afrique-equatoriale-hydro-electrique-congo-frs-da23c7
hydroelectriquecongo,Société Hydro-Electrique du Congo Français,head_office,"Paris, 48, rue de la Bienfaisance. Elle a nommé comme",1933,"Les Annales coloniales, 6 novembre 1933",afrique-equatoriale-hydro-electrique-congo-frs-da23c7
ibenga,Ibenga,head_office,"de la Société Ibenga a Paris, rue",1899,"Cote de la Bourse et de la banque, 7 septembre 1899",afrique-equatoriale-ibenga-cdffb1
ibenga,Ibenga,capital,1.500.000 fr.,1899,"Le Journal des débats, 29 septembre 1899",afrique-equatoriale-ibenga-cdffb1
ibenga,Ibenga,head_office,"23, rue Taitbout, à Paris",1899,"Le Journal des débats, 29 septembre 1899",afrique-equatoriale-ibenga-cdffb1
ibenga,Ibenga,head_office,"de la société est à Paris, rue Taitbout, no 23",1900,"Cote de la Bourse et de la banque, 6 janvier 1900",afrique-equatoriale-ibenga-cdffb1
ibenga,Ibenga,capital,2.250.000 fr.,1900,"Cote de la Bourse et de la banque, 15 septembre 1900",afrique-equatoriale-ibenga-cdffb1
ibenga,Ibenga,head_office,"23, rue Taitbout",1900,"Cote de la Bourse et de la banque, 15 septembre 1900",afrique-equatoriale-ibenga-cdffb1
ibenga,Ibenga,capital,2.260.000 francs,1900,"La Dépêche coloniale, 30 décembre 1900",afrique-equatoriale-ibenga-cdffb1
ibenga,Ibenga,head_office,"Paris, rue de la Victoire, 64. T. 267-12. — Adresse télégraphique :",1900,"La Dépêche coloniale, 30 décembre 1900",afrique-equatoriale-ibenga-cdffb1
ibenga,Ibenga,capital,2.250.000 francs,1903,"La Dépêche coloniale, 1er février 1903",afrique-equatoriale-ibenga-cdffb1
ibenga,Ibenga,head_office,"primitivement fixé rue Taitbout, 23, est actuellement rue de la",1903,"La Dépêche coloniale, 1er février 1903",afrique-equatoriale-ibenga-cdffb1
ibenga,Ibenga,head_office,social,1905,"Gil Blas, 2 septembre 1905",afrique-equatoriale-ibenga-cdffb1
ibenga,Ibenga,capital,2.250.000 francs,1906,"Cote de la Bourse et de la banque, 5 mai 1906",afrique-equatoriale-ibenga-cdffb1
ibenga,Ibenga,head_office,"été transféré de la rue Duphot, no 26 au 15, rue",1906,"Cote de la Bourse et de la banque, 5 mai 1906",afrique-equatoriale-ibenga-cdffb1
ibenga,Ibenga,head_office,social,1906,"Le recueil des assemblées générales, 10 août 1906",afrique-equatoriale-ibenga-cdffb1
ibenga,Ibenga,head_office,"de cette société qui était à Paris, rue Richepanse",1906,"Cote de la Bourse et de la banque, 3 décembre 1906",afrique-equatoriale-ibenga-cdffb1
ibenga,Ibenga,capital,2.250.000 fr.,1910,"Les Annales coloniales, 6 janvier 1910",afrique-equatoriale-ibenga-cdffb1
ibenga,Ibenga,head_office,"14, rue de Maubeuge",1910,"Les Annales coloniales, 6 janvier 1910",afrique-equatoriale-ibenga-cdffb1
ibenga,Ibenga,head_office,"5, rue",1910,"Les Annales coloniales, 22 septembre 1910",afrique-equatoriale-ibenga-cdffb1
ibenga,Ibenga,head_office,social,1911,"Les Annales coloniales, 12 janvier 1911",afrique-equatoriale-ibenga-cdffb1
ibenga,Ibenga,capital,2.250.000 fr.,1911,"La Cote de la Bourse et de la banque, 16 mars 1911",afrique-equatoriale-ibenga-cdffb1
ibenga,Ibenga,head_office,"au Havre, Palais de la Bourse, escalier E",1911,"La Cote de la Bourse et de la banque, 16 mars 1911",afrique-equatoriale-ibenga-cdffb1
kadeisangha,Compagnie de la Kadéï-Sangha,head_office,"Paris, rue",1899,"Le Droit, 18 mai 1899",afrique-equatoriale-kadei-sangha-1899-1903-a10f56
kadeisangha,Compagnie de la Kadéï-Sangha,head_office,de la Compagnie commerciale française,1899,"Cote de la Bourse et de la banque, 24 juin 1899",afrique-equatoriale-kadei-sangha-1899-1903-a10f56
kadeisangha,Compagnie de la Kadéï-Sangha,capital,1.000.000 fr.,1899,"Le Temps, 3 septembre 1899",afrique-equatoriale-kadei-sangha-1899-1903-a10f56
kadeisangha,Compagnie de la Kadéï-Sangha,head_office,"4, rue Le-Peletier",1899,"Le Temps, 3 septembre 1899",afrique-equatoriale-kadei-sangha-1899-1903-a10f56
kadeisangha,Compagnie de la Kadéï-Sangha,head_office,"22, rue de la Chaussée-d'Antin, Paris. — Ordre du jour :",1900,"Cote de la Bourse et de la banque, 19 juillet 1900",afrique-equatoriale-kadei-sangha-1899-1903-a10f56
kadeisangha,Compagnie de la Kadéï-Sangha,head_office,"est à Paris, 4, rue Le-Peletier",1930,"Marseille, 1865-Addis-Abéba, 1930",afrique-equatoriale-kadei-sangha-1899-1903-a10f56
kouangooubangui,"Cie du Kouango-Oubangui, puis Kouango-Rive gauche",capital,1.200.000 francs,1900,"Cote de la Bourse et de la banque, 7 février 1900",afrique-equatoriale-kouango-oubangui-d94898
kouangooubangui,"Cie du Kouango-Oubangui, puis Kouango-Rive gauche",head_office,"de la Société est fixé à Paris, il est établi rue Pasquier, 2",1900,"Cote de la Bourse et de la banque, 7 février 1900",afrique-equatoriale-kouango-oubangui-d94898
kouangooubangui,"Cie du Kouango-Oubangui, puis Kouango-Rive gauche",head_office,"Paris, 5, rue Pasquer. — (Ouverture 14 août 1900). M. Corneille",1900,"Cote de la Bourse et de la banque, 2 octobre 1900",afrique-equatoriale-kouango-oubangui-d94898
alimaienne,L'Alimaïenne,head_office,"est à Paris, rue de Mogador, 8",1899,"Cote de la Bourse et de la banque, 19 août 1899",afrique-equatoriale-l-alimaienne-a26444
alimaienne,L'Alimaïenne,capital,8.00.000 fr.,1899,"Le Journal des débats, 29 septembre 1899",afrique-equatoriale-l-alimaienne-a26444
alimaienne,L'Alimaïenne,head_office,"8, rue Mogador, à Paris",1899,"Le Journal des débats, 29 septembre 1899",afrique-equatoriale-l-alimaienne-a26444
alimaienne,L'Alimaïenne,capital,1.000.000 francs,1901,"Le Petit Caporal, 21 novembre 1901",afrique-equatoriale-l-alimaienne-a26444
alimaienne,L'Alimaïenne,head_office,"Paris, rue de Mogador, 8. — T. 131-69. — Adresse",1901,"Le Petit Caporal, 21 novembre 1901",afrique-equatoriale-l-alimaienne-a26444
alimaienne,L'Alimaïenne,head_office,"est à Paris, 8, rue de Mogador",1903,"La Dépêche coloniale, 5 juillet 1903",afrique-equatoriale-l-alimaienne-a26444
alimaienne,L'Alimaïenne,head_office,"Paris, 8, r. Mogador",1906,"Recueil financier belge, 1906, p. 114-115",afrique-equatoriale-l-alimaienne-a26444
alimaienne,L'Alimaïenne,capital,100.000 fr.,1907,"Le Journal des finances, 7 décembre 1907",afrique-equatoriale-l-alimaienne-a26444
ongomo,L'Ongomo,head_office,"9, faubourg Poissonnière, Paris. — Vérification de la déclaration faite",1899,"Cote de la Bourse et de la banque, 17 juillet 1899",afrique-equatoriale-l-ongomo-9fe32d
ongomo,L'Ongomo,head_office,de la société est fixé à Paris,1900,"La Cote de la Bourse et de la banque, 6 février 1900",afrique-equatoriale-l-ongomo-9fe32d
ongomo,L'Ongomo,capital,1.200.000 fr.,1901,"La Liberté des colonies, 3 novembre 1901",afrique-equatoriale-l-ongomo-9fe32d
ongomo,L'Ongomo,head_office,"Bruxelles, rue du Parchemin, 13",1901,"La Liberté des colonies, 3 novembre 1901",afrique-equatoriale-l-ongomo-9fe32d
ongomo,L'Ongomo,founded_date,1899-09-01,1903,"La Dépêche coloniale, 4 janvier 1903",afrique-equatoriale-l-ongomo-9fe32d
ongomo,L'Ongomo,capital,"1.200,000 francs",1903,"La Dépêche coloniale, 4 janvier 1903",afrique-equatoriale-l-ongomo-9fe32d
ongomo,L'Ongomo,head_office,"est à Paris, rue Taitbout, 60",1903,"La Dépêche coloniale, 4 janvier 1903",afrique-equatoriale-l-ongomo-9fe32d
ongomo,L'Ongomo,head_office,social,1903,"La Cote de la Bourse et de la banque, 3 février 1903",afrique-equatoriale-l-ongomo-9fe32d
ongomo,L'Ongomo,capital,1.200.000 fr.,1903,"La Dépêche coloniale, 26 avril 1903",afrique-equatoriale-l-ongomo-9fe32d
ongomo,L'Ongomo,head_office,"80, rue Taitbout, Paris",1903,"La Dépêche coloniale, 26 avril 1903",afrique-equatoriale-l-ongomo-9fe32d
ongomo,L'Ongomo,capital,1.200.000 francs,1903,"La Cote de la Bourse et de la banque, 5 novembre 1903",afrique-equatoriale-l-ongomo-9fe32d
ongomo,L'Ongomo,head_office,social,1907,"Le Journal des finances, 5 janvier 1907",afrique-equatoriale-l-ongomo-9fe32d
ongomo,L'Ongomo,capital,800.000 fr.,1908,"La Cote de la Bourse et de la banque, 10 février 1908",afrique-equatoriale-l-ongomo-9fe32d
ongomo,L'Ongomo,head_office,"de cette société, qui était à Paris, rue de",1908,"La Cote de la Bourse et de la banque, 10 février 1908",afrique-equatoriale-l-ongomo-9fe32d
mobaye,Mobaye,head_office,"est à Paris. Il est établi rue Tronchet, 17, provisoirement",1900,"La Cote de la Bourse et de la banque, 7 mars 1900",afrique-equatoriale-la-mobaye-4622e7
mobaye,Mobaye,head_office,"17, rue",1900,"La Cote de la Bourse et de la banque, 12 janvier 1900",afrique-equatoriale-la-mobaye-4622e7
mobaye,Mobaye,head_office,social,1922,"Bordeaux, 8 mars 1848-Paris, 16 octobre 1922",afrique-equatoriale-la-mobaye-4622e7
mobaye,Mobaye,head_office,"8, rue de Mogador, à Paris. — Petites",1903,"La Cote de la Bourse et de la banque, 2 décembre 1903",afrique-equatoriale-la-mobaye-4622e7
mobaye,Mobaye,capital,1.000.000 francs,1903,"La Dépêche coloniale, 24 mai 1903",afrique-equatoriale-la-mobaye-4622e7
mobaye,Mobaye,head_office,"est à Paris, 30, avenue de l'Opéra",1903,"La Dépêche coloniale, 24 mai 1903",afrique-equatoriale-la-mobaye-4622e7
mobaye,Mobaye,head_office,— Aux termes d’une,1907,"La Cote de la Bourse et de la banque, 5 janvier 1907",afrique-equatoriale-la-mobaye-4622e7
mobaye,Mobaye,head_office,"rue de Provence, 8, à Paris. — Petites Affiches, 27 février 1907",1907,"La Cote de la Bourse et de la banque, 5 mars 1907",afrique-equatoriale-la-mobaye-4622e7
mobaye,Mobaye,head_office,"2, rue",1919,"La Cote de la Bourse et de la banque, 10 novembre 1919",afrique-equatoriale-la-mobaye-4622e7
agricolecommercialeindustriellelefini,Cie agricole commerciale et industrielle de la Léfini,capital,1.200.000 francs,,,afrique-equatoriale-lefini-ab3249
agricolecommercialeindustriellelefini,Cie agricole commerciale et industrielle de la Léfini,head_office,"5 h, rue des Petites-Écuries. — Ordre du jour : Modifications",1899,"La Cote de la Bourse et de la banque, 20 novembre 1899",afrique-equatoriale-lefini-ab3249
agricolecommercialeindustriellelefini,Cie agricole commerciale et industrielle de la Léfini,head_office,"est à Paris, 54, rue des Petites-Écuries",1900,"La Cote de la Bourse et de la banque, 26 avril 1900",afrique-equatoriale-lefini-ab3249
agricolecommercialeindustriellelefini,Cie agricole commerciale et industrielle de la Léfini,capital,1.200.000 francs,1900,"Le Temps, 30 avril 1900",afrique-equatoriale-lefini-ab3249
agricolecommercialeindustriellelefini,Cie agricole commerciale et industrielle de la Léfini,head_office,"Paris, rue des Petites-Écuries, 54. — Adressé télégraphique :",1900,"Le Temps, 30 avril 1900",afrique-equatoriale-lefini-ab3249
agricolecommercialeindustriellelefini,Cie agricole commerciale et industrielle de la Léfini,head_office,"Lille, 15, rue du",1907,"Les Archives commerciales de la France, 13 novembre 1907",afrique-equatoriale-lefini-ab3249
agricolecommercialeindustriellelefini,"Cie agricole, commerciale et industrielle de la LÉFINI",head_office,"Paris, 54, rue des Petites-Écuries",1935,"Les Annales coloniales, 29 mai 1935",afrique-equatoriale-lefini-ab3249
minesdjouecuivre,"Société des Mines du Djoué, cuivre",capital,600.000 francs,1910,"La Cote de la Bourse et de la banque, 2 septembre 1910",afrique-equatoriale-mines-du-djoue-1910-1922-10e617
minesdjouecuivre,"Société des Mines du Djoué, cuivre",head_office,"Paris, 64, rue",1910,"La Cote de la Bourse et de la banque, 2 septembre 1910",afrique-equatoriale-mines-du-djoue-1910-1922-10e617
minesdjouecuivre,"Société des Mines du Djoué, cuivre",capital,600.000 francs,1910,"L’Écho des mines et de la métallurgie, 5 septembre 1910",afrique-equatoriale-mines-du-djoue-1910-1922-10e617
minesdjouecuivre,"Société des Mines du Djoué, cuivre",head_office,"64, rue de la Victoire, Paris. L'apporteur est M. Albert Eusders [sic : Enders]",1910,"L’Écho des mines et de la métallurgie, 5 septembre 1910",afrique-equatoriale-mines-du-djoue-1910-1922-10e617
minesdjouecuivre,"Société des Mines du Djoué, cuivre",head_office,de l'exploitation que les minerais en,1913,"Le Courrier colonial, 27 mai 1913",afrique-equatoriale-mines-du-djoue-1910-1922-10e617
minesdjouecuivre,"Société des Mines du Djoué, cuivre",head_office,"64, rue de la Victoire, à",1913,"Les Annales coloniales, 7 juin 1913",afrique-equatoriale-mines-du-djoue-1910-1922-10e617
minesdjouecuivre,"Société des Mines du Djoué, cuivre",capital,1.200.000 fr.,1913,"L’Écho des mines et de la métallurgie, 17 juillet 1913",afrique-equatoriale-mines-du-djoue-1910-1922-10e617
minesdjouecuivre,"Société des Mines du Djoué, cuivre",capital,1.200.000 fr.,1919,"BALO, 24 mars 1919, p. 1",afrique-equatoriale-mines-du-djoue-1910-1922-10e617
minesdjouecuivre,"Société des Mines du Djoué, cuivre",head_office,"Paris, 64, rue de la Victoire",1919,"BALO, 24 mars 1919, p. 1",afrique-equatoriale-mines-du-djoue-1910-1922-10e617
minesdjouecuivre,"Société des Mines du Djoué, cuivre",capital,1.200.000 fr.,1919,"L'Information financière, 25 mars 1919, p. 1",afrique-equatoriale-mines-du-djoue-1910-1922-10e617
minesdjouecuivre,"Société des Mines du Djoué, cuivre",capital,6.000.000 fr.,1929,"Lyon, 15 février 1873-Paris XVIe, 17 décembre 1929",afrique-equatoriale-mines-du-djoue-1910-1922-10e617
minesdjouecuivre,"Société des Mines du Djoué, cuivre",head_office,"64, rue de la Victoire à Paris",1929,"Lyon, 15 février 1873-Paris XVIe, 17 décembre 1929",afrique-equatoriale-mines-du-djoue-1910-1922-10e617
minesdjouecuivre,"Société des Mines du Djoué, cuivre",head_office,"de la liquidation, 23, rue de Châteaudun",1922,"Les Annales coloniales, 31 mars 1922",afrique-equatoriale-mines-du-djoue-1910-1922-10e617
minesniari,Compagnie des Mines du Niari,capital,9.000.000 francs,1930,"L’Écho des mines et de la métallurgie, 1er septembre 1930, p. 700",afrique-equatoriale-mines-du-niari-0b29dd
minesniari,Compagnie des Mines du Niari,head_office,"est à Paris, 71, r. de Monceau, et les premiers administrateurs",1930,"L’Écho des mines et de la métallurgie, 1er septembre 1930, p. 700",afrique-equatoriale-mines-du-niari-0b29dd
minesniari,Compagnie des Mines du Niari,head_office,"de la société est fixé à Paris, rue de Monceau, no 71",1930,"Journal officiel de l'Afrique équatoriale française, 1er novembre 1930",afrique-equatoriale-mines-du-niari-0b29dd
minesniari,Compagnie des Mines du Niari,capital,9.000.000 fr.,1932,"Archives commerciales de la France, 25 avril 1932",afrique-equatoriale-mines-du-niari-0b29dd
minesniari,Compagnie des Mines du Niari,head_office,"Paris, 39, avenue de Friedland",1932,"Archives commerciales de la France, 25 avril 1932",afrique-equatoriale-mines-du-niari-0b29dd
minesniari,Compagnie des Mines du Niari,founded_date,1930-06-30,1935,"La Journée industrielle, 2 août 1935",afrique-equatoriale-mines-du-niari-0b29dd
mpokoetablissementscongolaisgratry,"M'Poko, Société anonyme des Établissements congolais Gratry",head_office,"est à Lille, rue de Pas, 15",1899,"Grand Écho du Nord de la France, 15 août 1899",afrique-equatoriale-mpoko-gratry-ca7df2
mpokoetablissementscongolaisgratry,"M'Poko, Société anonyme des Établissements congolais Gratry",capital,2.000.000 fr.,1901,"Grand Écho du Nord de la France, 11 novembre 1901",afrique-equatoriale-mpoko-gratry-ca7df2
mpokoetablissementscongolaisgratry,"M'Poko, Société anonyme des Établissements congolais Gratry",head_office,"Bruxelles, 59, avenue de la Toison d'Or",1901,"Grand Écho du Nord de la France, 11 novembre 1901",afrique-equatoriale-mpoko-gratry-ca7df2
mpokoetablissementscongolaisgratry,"M'Poko, Société anonyme des Établissements congolais Gratry",capital,2.000.000 francs,1902,"La Dépêche coloniale, 7 décembre 1902",afrique-equatoriale-mpoko-gratry-ca7df2
mpokoetablissementscongolaisgratry,"M'Poko, Société anonyme des Établissements congolais Gratry",head_office,est à Lille,1902,"La Dépêche coloniale, 7 décembre 1902",afrique-equatoriale-mpoko-gratry-ca7df2
mpokoetablissementscongolaisgratry,"M'Poko, Société anonyme des Établissements congolais Gratry",capital,2.000.000 fr.,1905,"La Dépêche coloniale illustrée, 31 mars 1905",afrique-equatoriale-mpoko-gratry-ca7df2
mpokoetablissementscongolaisgratry,"M'Poko, Société anonyme des Établissements congolais Gratry",head_office,"Lille, rue de Pas, 15",1905,"La Dépêche coloniale illustrée, 31 mars 1905",afrique-equatoriale-mpoko-gratry-ca7df2
mpokoetablissementscongolaisgratry,"M'Poko, Société anonyme des Établissements congolais Gratry",founded_date,1899-07-12,1910,"Desfossés, 1910, pp. 717-718",afrique-equatoriale-mpoko-gratry-ca7df2
mpokoetablissementscongolaisgratry,"M'Poko, Société anonyme des Établissements congolais Gratry",head_office,"15, rue de Pas, Lille",1910,"Desfossés, 1910, pp. 717-718",afrique-equatoriale-mpoko-gratry-ca7df2
navigationtransportscongooubangui,Compagnie de Navigation et transports Congo-Oubangui,capital,1.200.000 francs,1912,"Les Annales coloniales, 22 juin 1912",afrique-equatoriale-navig-transp-congo-oubangui-89f51d
navigationtransportscongooubangui,Compagnie de Navigation et transports Congo-Oubangui,head_office,"est à Paris, rue de",1912,"Les Annales coloniales, 22 juin 1912",afrique-equatoriale-navig-transp-congo-oubangui-89f51d
navigationtransportscongooubangui,Compagnie de Navigation et transports Congo-Oubangui,capital,600.000 FRANCS,1920,"Journal officiel de l'Afrique équatoriale française, 15 février 1920",afrique-equatoriale-navig-transp-congo-oubangui-89f51d
navigationtransportscongooubangui,Compagnie de Navigation et transports Congo-Oubangui,head_office,"PARIS, 64, rue de la Victoire",1920,"Journal officiel de l'Afrique équatoriale française, 15 février 1920",afrique-equatoriale-navig-transp-congo-oubangui-89f51d
navigationtransportscongooubangui,Compagnie de Navigation et transports Congo-Oubangui,head_office,"est à Paris, 64, rue de la Victoire, a, entre autres résolutions",1921,"Journal officiel de l'Afrique équatoriale française, 1er novembre 1921",afrique-equatoriale-navig-transp-congo-oubangui-89f51d
navigationtransportscongooubangui,Compagnie de Navigation et transports Congo-Oubangui,capital,600.000 francs,1922,"La Journée industrielle, 6 août 1922",afrique-equatoriale-navig-transp-congo-oubangui-89f51d
navigationtransportscongooubangui,Compagnie de Navigation et transports Congo-Oubangui,head_office,"est à Paris, 64",1922,"La Journée industrielle, 6 août 1922",afrique-equatoriale-navig-transp-congo-oubangui-89f51d
navigationtransportscongooubangui,Compagnie de Navigation et transports Congo-Oubangui,capital,600.000 francs,1923,"Journal officiel de l'Afrique équatoriale française, 15 juillet 1923",afrique-equatoriale-navig-transp-congo-oubangui-89f51d
navigationtransportscongooubangui,Compagnie de Navigation et transports Congo-Oubangui,head_office,"est à Paris, 64, rue de la Victoire",1923,"Journal officiel de l'Afrique équatoriale française, 15 juillet 1923",afrique-equatoriale-navig-transp-congo-oubangui-89f51d
navigationtransportscongooubangui,Compagnie de Navigation et transports Congo-Oubangui,capital,1.200.000 francs,1930,"Marseille, 1865-Addis-Abéba, 1930",afrique-equatoriale-navig-transp-congo-oubangui-89f51d
navigationtransportscongooubangui,Compagnie de Navigation et transports Congo-Oubangui,head_office,"est à Paris, 64, rue de la Victoire, contenant apport par la Compagnie",1930,"Marseille, 1865-Addis-Abéba, 1930",afrique-equatoriale-navig-transp-congo-oubangui-89f51d
ngokoouesso,Compagnie de la N'goko Ouesso,capital,1.250.000 fr.,1885,"Gil Blas, 5 décembre 1885",afrique-equatoriale-ngoko-ouesso-86a8d0
ngokoouesso,Compagnie de la N'goko Ouesso,head_office,"de la société est à Paris, rue Laffitte, no 11",1885,"Gil Blas, 5 décembre 1885",afrique-equatoriale-ngoko-ouesso-86a8d0
ngokoouesso,Compagnie de la N'goko Ouesso,head_office,"11, rue Laffitte. — Ordre du",1903,"La Cote de la Bourse et de la banque, 12 mars 1903",afrique-equatoriale-ngoko-ouesso-86a8d0
ngokoouesso,Compagnie de la N'goko Ouesso,head_office,"est à Paris, rue Laffitte, no 11",1903,"La Dépêche coloniale, 15 mars 1903",afrique-equatoriale-ngoko-ouesso-86a8d0
nkemenkeni,Compagnie de l'N'Kémé et de l'N'Kéni,capital,1.000.000 fr.,,,afrique-equatoriale-nkeme-nkeni-aa5bfe
nkemenkeni,Compagnie de l'N'Kémé et de l'N'Kéni,head_office,"54, rue des Petites-Écuries",,,afrique-equatoriale-nkeme-nkeni-aa5bfe
nkemenkeni,Compagnie de l'N'Kémé et de l'N'Kéni,capital,1.000.000 francs,1854,"Paris, 29 juillet 1854-1939",afrique-equatoriale-nkeme-nkeni-aa5bfe
nkemenkeni,Compagnie de l'N'Kémé et de l'N'Kéni,head_office,"est établi à Paris, rue des Petites-Écuries, 54",1854,"Paris, 29 juillet 1854-1939",afrique-equatoriale-nkeme-nkeni-aa5bfe
nkemenkeni,Compagnie de l'N'Kémé et de l'N'Kéni,capital,1.000.000 francs,1899,"La Dépêche coloniale, 30 octobre 1899",afrique-equatoriale-nkeme-nkeni-aa5bfe
nkemenkeni,Compagnie de l'N'Kémé et de l'N'Kéni,head_office,"Paris, rue des Petites-Écuries, 54. — Adresse télégraphique :",1899,"La Dépêche coloniale, 30 octobre 1899",afrique-equatoriale-nkeme-nkeni-aa5bfe
nkemenkeni,Compagnie de l'N'Kémé et de l'N'Kéni,founded_date,1899-06-24,1907,"Les Archives commerciales de la France, 13 novembre 1907",afrique-equatoriale-nkeme-nkeni-aa5bfe
nkemenkeni,Compagnie de l'N'Kémé et de l'N'Kéni,head_office,"Paris, 54, rue des Petites-Écuries",1935,"Les Annales coloniales, 29 mai 1935",afrique-equatoriale-nkeme-nkeni-aa5bfe
nouvellesgaleriescongolaises,Nouvelles Galeries congolaises,capital,1.250.000 fr.,1915,"Journal de Montélimar, 8 mai 1915",afrique-equatoriale-nouvelles-galeries-congolaises-b265b9
nouvellesgaleriescongolaises,Nouvelles Galeries congolaises,head_office,Brazzaville,1915,"Journal de Montélimar, 8 mai 1915",afrique-equatoriale-nouvelles-galeries-congolaises-b265b9
nouvellesgaleriescongolaises,Nouvelles Galeries congolaises,capital,1.250.000 fr.,1923,"Les Annales coloniales, 25 juin 1923",afrique-equatoriale-nouvelles-galeries-congolaises-b265b9
nouvellesgaleriescongolaises,Nouvelles Galeries congolaises,head_office,Brazzaville,1923,"Les Annales coloniales, 25 juin 1923",afrique-equatoriale-nouvelles-galeries-congolaises-b265b9
nouvellesgaleriescongolaises,Nouvelles Galeries congolaises,head_office,"8, avenue du Prince-d'Orange, BRUXELLES",1924,"Les Annales coloniales, 15 février 1924",afrique-equatoriale-nouvelles-galeries-congolaises-b265b9
nouvellesgaleriescongolaises,Nouvelles Galeries congolaises,capital,1.250.000 francs,1926,"Le Journal des finances, 17 septembre 1926",afrique-equatoriale-nouvelles-galeries-congolaises-b265b9
nouvellesgaleriescongolaises,Nouvelles Galeries congolaises,capital,500.000 francs,1926,"L'Information financière, économique et politique, 10 octobre 1926",afrique-equatoriale-nouvelles-galeries-congolaises-b265b9
groupebungeplantationskomono,groupe Bunge Plantations de Komono,capital,140.000 francs,,,afrique-equatoriale-plantations-de-komono-3a0d17
groupebungeplantationskomono,groupe Bunge Plantations de Komono,head_office,BRAZZAVILLE,,,afrique-equatoriale-plantations-de-komono-3a0d17
groupebungeplantationskomono,groupe Bunge Plantations de Komono,capital,140.000 francs,1952,"JOAEF, 15 avril 1952",afrique-equatoriale-plantations-de-komono-3a0d17
groupebungeplantationskomono,groupe Bunge Plantations de Komono,head_office,"— Le siège social est fixé à Brazzaville, immeuble Bunge",1952,"JOAEF, 15 avril 1952",afrique-equatoriale-plantations-de-komono-3a0d17
groupebungeplantationskomono,groupe Bunge Plantations de Komono,capital,80.000.000 FRANCS,1954,"JOAEF, 1er octobre 1954",afrique-equatoriale-plantations-de-komono-3a0d17
groupebungeplantationskomono,groupe Bunge Plantations de Komono,head_office,BRAZZAVILLE (A.E.F.),1954,"JOAEF, 1er octobre 1954",afrique-equatoriale-plantations-de-komono-3a0d17
produitssanghalipaouesso,Compagnie des Produits de la Sangha « Lipa Ouesso »,capital,1.500.000 francs,1899,"La Cote de la Bourse et de la banque, 11 août 1899",afrique-equatoriale-produits-de-la-sangha-f33658
produitssanghalipaouesso,Compagnie des Produits de la Sangha « Lipa Ouesso »,head_office,"de la société est à Paris, 11, rue Laffitte",1899,"La Cote de la Bourse et de la banque, 11 août 1899",afrique-equatoriale-produits-de-la-sangha-f33658
produitssanghalipaouesso,Compagnie des Produits de la Sangha « Lipa Ouesso »,head_office,"11, rue Laffitte, Paris. —",1902,"La Cote de la Bourse et de la banque, 4 septembre 1902",afrique-equatoriale-produits-de-la-sangha-f33658
produitssanghalipaouesso,Compagnie des Produits de la Sangha « Lipa Ouesso »,head_office,social,1902,"La Cote de la Bourse et de la banque, 4 octobre 1902",afrique-equatoriale-produits-de-la-sangha-f33658
produitssanghalipaouesso,Compagnie des Produits de la Sangha « Lipa Ouesso »,head_office,"11, rue Laffitte. — Ordre du jour : Dispositions à prendre en vue de la",1903,"La Cote de la Bourse et de la banque, 12 mars 1903",afrique-equatoriale-produits-de-la-sangha-f33658
produitssanghalipaouesso,Compagnie des Produits de la Sangha « Lipa Ouesso »,head_office,"est à Paris, rue Laffitte, no 11",1903,"La Dépêche coloniale, 15 mars 1903",afrique-equatoriale-produits-de-la-sangha-f33658
proprietairekouilouniari,Compagnie Propriétaire du Kouilou-Niari,head_office,Paris,,,afrique-equatoriale-proprietaire-kouilou-niari-a8f8eb
proprietairekouilouniari,Compagnie Propriétaire du Kouilou-Niari,head_office,"est à Paris, rue Saint-",1899,"La Cote de la Bourse et de la banque, 29 septembre 1899",afrique-equatoriale-proprietaire-kouilou-niari-a8f8eb
proprietairekouilouniari,Compagnie Propriétaire du Kouilou-Niari,head_office,"Paris, 44, boulevard Haussman. — Adresse télégraphique : Francongo-",1902,"Recueil des sociétés coloniales et maritimes, 1902, p. 196-197",afrique-equatoriale-proprietaire-kouilou-niari-a8f8eb
proprietairekouilouniari,Compagnie Propriétaire du Kouilou-Niari,capital,3.000.000 francs,1924,"Roubaix, 22 avril 1865-Paris, 17e, 22 janvier 1924",afrique-equatoriale-proprietaire-kouilou-niari-a8f8eb
proprietairekouilouniari,Compagnie Propriétaire du Kouilou-Niari,founded_date,1899-06-10,1904,"La Cote de la Bourse et de la banque, 28 octobre 1904",afrique-equatoriale-proprietaire-kouilou-niari-a8f8eb
proprietairekouilouniari,Compagnie Propriétaire du Kouilou-Niari,head_office,"28, rue du Mont-Thabor, Paris",1904,"La Cote de la Bourse et de la banque, 28 octobre 1904",afrique-equatoriale-proprietaire-kouilou-niari-a8f8eb
proprietairekouilouniari,Compagnie Propriétaire du Kouilou-Niari,head_office,"est transfère du 27, rue du",1922,"La Journée industrielle, 1er mars 1922",afrique-equatoriale-proprietaire-kouilou-niari-a8f8eb
proprietairekouilouniari,Compagnie Propriétaire du KOUILOU-NIARI,founded_date,1899-06-10,1929,"L'Information financière, économique et politique, 17 janvier 1929",afrique-equatoriale-proprietaire-kouilou-niari-a8f8eb
proprietairekouilouniari,Compagnie Propriétaire du KOUILOU-NIARI,capital,3.300.000 fr.,1929,"L'Information financière, économique et politique, 17 janvier 1929",afrique-equatoriale-proprietaire-kouilou-niari-a8f8eb
proprietairekouilouniari,Compagnie Propriétaire du KOUILOU-NIARI,head_office,"37, rue La-Boëtie, Paris 8e",1929,"L'Information financière, économique et politique, 17 janvier 1929",afrique-equatoriale-proprietaire-kouilou-niari-a8f8eb
sanghaequatoriale,Société de la Sangha équatoriale,head_office,Paris,,,afrique-equatoriale-sangha-equatoriale-36f7f5
sanghaequatoriale,Société de la Sangha équatoriale,head_office,"est à Paris, rue Taitbout, 87",1899,"La Cote de la Bourse et de la banque, 5 octobre 1899",afrique-equatoriale-sangha-equatoriale-36f7f5
sanghaequatoriale,Société de la Sangha équatoriale,capital,1.000.000 francs,1900,"Le Temps, 7 mai 1900",afrique-equatoriale-sangha-equatoriale-36f7f5
sanghaequatoriale,Société de la Sangha équatoriale,head_office,"Paris, rue Taitbout, 87. — Adresse télégraphique : Equatoriale-",1900,"Le Temps, 7 mai 1900",afrique-equatoriale-sangha-equatoriale-36f7f5
sanghaequatoriale,Société de la Sangha équatoriale,head_office,social,1908,"La Cote de la Bourse et de la banque, 2 janvier 1908",afrique-equatoriale-sangha-equatoriale-36f7f5
sanghaequatoriale,Société de la Sangha équatoriale,head_office,"15, Pas, à Lille. — Transfert du siège 5, La-Rochefoucauld, à Paris. — 27",1910,"Les Archives commerciales de la France, 16 février 1910",afrique-equatoriale-sangha-equatoriale-36f7f5
forestiereagricolekouilou,Société Forestière et Agricole du Kouilou,head_office,"Mimizan [Landes]). — Succursales : Kouilou, Magne",1905,"La Dépêche coloniale illustrée, 31 mai 1905, p. 85-86",afrique-equatoriale-sargos-freres-sfak-9b2128
sargosfreres,SARGOS frères,head_office,Lit-et-Mixe (Landes),1925,Annuaire industriel 1925,afrique-equatoriale-sargos-freres-sfak-9b2128
sargosfreres,SARGOS frères,capital,5.000.000 FRANCS,1928,"Journal officiel de la République française, 18 octobre 1928",afrique-equatoriale-sargos-freres-sfak-9b2128
sargosfreres,SARGOS frères,head_office,Bas-Kouilou (Moyen-,1928,"Journal officiel de la République française, 18 octobre 1928",afrique-equatoriale-sargos-freres-sfak-9b2128
sargosfreres,SARGOS frères,founded_date,1924-03-31,1930,"L’Africain, 10 octobre 1930, p. 7",afrique-equatoriale-sargos-freres-sfak-9b2128
sargosfreres,SARGOS frères,head_office,Bas-Kouilou (Moyen-Congo),1930,"L’Africain, 10 octobre 1930, p. 7",afrique-equatoriale-sargos-freres-sfak-9b2128
commercialeindustriellecongo,Société Commerciale et Industrielle du Congo français,head_office,"rue Saint-Georges, 50, Paris",,,afrique-equatoriale-scicf-0342a6
commercialeindustriellecongo,Société Commerciale et Industrielle du Congo français,head_office,"Paris, rue Saint-Georges, 50, actuellement en liquidation, a établi les statuts de",1897,"La Cote de la Bourse et de la banque, 4 août 1897",afrique-equatoriale-scicf-0342a6
commercialeindustriellecongo,Société Commerciale et Industrielle du Congo français,head_office,"Paris, no 20, rue Saint-Georges, a adopté les résolutions",1899,"La Cote de la Bourse et de la banque, 22 juillet 1899",afrique-equatoriale-scicf-0342a6
recherchesminesafriqueequatoriale,Société Française de Recherches et de mines en Afrique Equatoriale,capital,5.000.000 fr.,1928,"Cote de la Bourse et de la banque, 7 décembre 1928",afrique-equatoriale-sfrmae-bf352f
recherchesminesafriqueequatoriale,Société Française de Recherches et de mines en Afrique Equatoriale,head_office,"Paris, 16 rue",1928,"Cote de la Bourse et de la banque, 7 décembre 1928",afrique-equatoriale-sfrmae-bf352f
recherchesminesafriqueequatoriale,Société Française de Recherches et de mines en Afrique Equatoriale,founded_date,1928-11-12,1935,"Les Archives commerciales de la France, 18 décembre 1935",afrique-equatoriale-sfrmae-bf352f
industrielleagricoleniari,Société Industrielle et Agricole du Niari,capital,850 millions fr.,,,afrique-equatoriale-sian-vilgrain-16b84b
industrielleagricoleniari,Société Industrielle et Agricole du Niari,head_office,Kayes,,,afrique-equatoriale-sian-vilgrain-16b84b
industriellecommercialeagricolepool,"Société Industrielle, Commerciale et Agricole du Pool",capital,210.000 francs,,,afrique-equatoriale-sicap-congo-c7cab3
industriellecommercialeagricolepool,"Société Industrielle, Commerciale et Agricole du Pool",head_office,BRAZZAVILLE,,,afrique-equatoriale-sicap-congo-c7cab3
industriellecommercialeagricolepool,"Société Industrielle, Commerciale et Agricole du Pool",head_office,de la Société est à Brazzaville,1942,"Journal officiel de l'AEF, 1er août 1942",afrique-equatoriale-sicap-congo-c7cab3
industriellecommercialeagricolepool,"Société Industrielle, Commerciale et Agricole du Pool",capital,210.000 francs,1942,"Journal officiel de l'AEF, 15 octobre 1942",afrique-equatoriale-sicap-congo-c7cab3
industriellecommercialeagricolepool,"Société Industrielle, Commerciale et Agricole du Pool",head_office,BRAZZAVILLE,1942,"Journal officiel de l'AEF, 15 octobre 1942",afrique-equatoriale-sicap-congo-c7cab3
industriellecommercialeagricolepool,"Société Industrielle, Commerciale et Agricole du Pool",capital,4.200 000 francs,1947,"Journal officiel de l'AEF, 1er janvier 1947",afrique-equatoriale-sicap-congo-c7cab3
industriellecommercialeagricolepool,"Société Industrielle, Commerciale et Agricole du Pool",head_office,BRAZZAVILLE,1947,"Journal officiel de l'AEF, 1er janvier 1947",afrique-equatoriale-sicap-congo-c7cab3
sisaldistilleriescongo,Cie française du Sisal et des distilleries du Congo,capital,6.000.000 FRANCS,,,afrique-equatoriale-sisal-distilleries-du-congo-966d25
sisaldistilleriescongo,Cie française du Sisal et des distilleries du Congo,head_office,"PARIS, 4, BOULEVARD MALESHERBES (VIIIe)",,,afrique-equatoriale-sisal-distilleries-du-congo-966d25
sisaldistilleriescongo,Cie française du Sisal et des distilleries du Congo,head_office,Le siège social est fixé à Paris. […],1941,"Le Journal des débats, 6 octobre 1941",afrique-equatoriale-sisal-distilleries-du-congo-966d25
sisaldistilleriescongo,Cie française du Sisal et des distilleries du Congo,head_office,"transféré du 4, boulevard Malesherbes, au 12, rue Roquépine, à Paris",1929,"La Journée industrielle, 28 août 1929",afrique-equatoriale-sisal-distilleries-du-congo-966d25
sisaldistilleriescongo,Cie française du Sisal et des distilleries du Congo,capital,5.000.000 fr.,1914,"Les Annales coloniales, 2 mai 1914",afrique-equatoriale-sisal-distilleries-du-congo-966d25
sisaldistilleriescongo,Cie française du Sisal et des distilleries du Congo,head_office,Paris,1914,"Les Annales coloniales, 2 mai 1914",afrique-equatoriale-sisal-distilleries-du-congo-966d25
sisaldistilleriescongo,Cie française du Sisal et des distilleries du Congo,capital,3.500.000 francs,1933,"Cote de la Bourse et de la banque, 12 octobre 1933",afrique-equatoriale-sisal-distilleries-du-congo-966d25
sisaldistilleriescongo,Cie française du Sisal et des distilleries du Congo,head_office,KOLDA (Casamance-Sénégal),1933,"Cote de la Bourse et de la banque, 12 octobre 1933",afrique-equatoriale-sisal-distilleries-du-congo-966d25
sisaldistilleriescongo,Cie française du Sisal et des distilleries du Congo,capital,5.000.000 francs,1935,"La Journée industrielle, 1er août 1935",afrique-equatoriale-sisal-distilleries-du-congo-966d25
sisaldistilleriescongo,Cie française du Sisal et des distilleries du Congo,head_office,"est à Paris, 63, avenue des Champs-Élysées, a décidé :",1935,"La Journée industrielle, 1er août 1935",afrique-equatoriale-sisal-distilleries-du-congo-966d25
africaineentreprises,Société Africaine d'Entreprises,capital,300.000 francs,,,afrique-equatoriale-soc-africaine-entreprises-pn-fe986f
africaineentreprises,Société Africaine d'Entreprises,head_office,Brazzaville,,,afrique-equatoriale-soc-africaine-entreprises-pn-fe986f
africaineentreprises,Société Africaine d'Entreprises,head_office,"Brazzaville (Afrique équatoriale française), doute une durée de vingt-cinq années à dater",1935,"Bulletin des annonces légales obligatoires, 7 octobre 1935",afrique-equatoriale-soc-africaine-entreprises-pn-fe986f
africaineentreprises,Société Africaine d'Entreprises,capital,300.000 francs,1935,"Le Petit Bleu, 10 octobre 1935",afrique-equatoriale-soc-africaine-entreprises-pn-fe986f
africaineentreprises,Société Africaine d'Entreprises,head_office,Brazzaville (Afrique Equatoriale Française),1936,"Le Droit, 14 septembre 1936",afrique-equatoriale-soc-africaine-entreprises-pn-fe986f
africaineentreprises,Société Africaine d'Entreprises,head_office,Pointe-Noire (Afrique équatoriale française),1936,"Bulletin des annonces légales obligatoires, 2 novembre 1936",afrique-equatoriale-soc-africaine-entreprises-pn-fe986f
africaineentreprises,Société Africaine d'Entreprises,capital,300.000 fr.,1936,"Le Journal des finances, 25 décembre 1936",afrique-equatoriale-soc-africaine-entreprises-pn-fe986f
africaineentreprises,Société africaine d'entreprises,head_office,Pointe-Noire (A.E.F). Bureau à Bègles. (Gironde.),1948,Annuaire Desfossés 1948,afrique-equatoriale-soc-africaine-entreprises-pn-fe986f
africaineentreprises,Société africaine d'entreprises,head_office,Pointe-Noire (Afrique équatoriale française),1949,"Bulletin des annonces légales obligatoires, 3 janvier 1949",afrique-equatoriale-soc-africaine-entreprises-pn-fe986f
africaineentreprises,Société africaine d'entreprises,capital,15 millions fr.,1953,Annuaire Desfossés 1953,afrique-equatoriale-soc-africaine-entreprises-pn-fe986f
africaineentreprises,Société africaine d'entreprises,head_office,Pointe-Noire (A.E.F). Bureau à Bègles. (Gironde.),1953,Annuaire Desfossés 1953,afrique-equatoriale-soc-africaine-entreprises-pn-fe986f
immobilierecongolaise,Société Immobilière Congolaise,head_office,de la,1929,"Le Journal des débats, 30 janvier 1929",afrique-equatoriale-soc-immobiliere-congolaise-1c3444
immobilierecongolaise,Société Immobilière Congolaise,capital,1.250.000 fr.,1929,"Archives commerciales de la France, 1er février 1929",afrique-equatoriale-soc-immobiliere-congolaise-1c3444
immobilierecongolaise,Société Immobilière Congolaise,head_office,"14, rue Ballu, Paris",1929,"Archives commerciales de la France, 1er février 1929",afrique-equatoriale-soc-immobiliere-congolaise-1c3444
immobilierecongolaise,Société Immobilière Congolaise,head_office,"14, rue Ballu (Paris 9e) : siège de la C.F.H.B.C",1930,"Les Annales coloniales, 20 décembre 1930",afrique-equatoriale-soc-immobiliere-congolaise-1c3444
immobilierecongolaise,Société Immobilière Congolaise,capital,2.500.000 fr.,1933,"La Cote de la Bourse et de la banque, 22 mars 1933",afrique-equatoriale-soc-immobiliere-congolaise-1c3444
immobilierecongolaise,Société Immobilière Congolaise,capital,6.250.000 fr.,1939,"France-Outre-mer, 27 octobre 1939",afrique-equatoriale-soc-immobiliere-congolaise-1c3444
immobilierecongolaise,Société Immobilière Congolaise,head_office,Pointe-Noire,1939,"France-Outre-mer, 27 octobre 1939",afrique-equatoriale-soc-immobiliere-congolaise-1c3444
afriqueequatoriale,Société de l'Afrique équatoriale,capital,"1,000,000 francs",1929,"Bucarest, 1856-Paris, 1929",afrique-equatoriale-societe-afrique-equatoriale-bffdd5
afriqueequatoriale,Société de l'Afrique équatoriale,head_office,"Paris, rue Boissy-d’Anglas, 6",1929,"Bucarest, 1856-Paris, 1929",afrique-equatoriale-societe-afrique-equatoriale-bffdd5
afriqueequatoriale,Société de l'Afrique équatoriale,capital,"2.600,000 francs",1899,"La Dépêche coloniale, 27 mai 1899",afrique-equatoriale-societe-afrique-equatoriale-bffdd5
afriqueequatoriale,Société de l'Afrique équatoriale,head_office,"Paris, rue Boissy-d’Anglas",1899,"La Dépêche coloniale, 27 mai 1899",afrique-equatoriale-societe-afrique-equatoriale-bffdd5
afriqueequatoriale,Société de l'Afrique équatoriale,head_office,"54, rue des Petites-Écuries",1899,"Paris-Capital, 5 juillet 1899",afrique-equatoriale-societe-afrique-equatoriale-bffdd5
afriqueequatoriale,Société de l'Afrique équatoriale,capital,2.000.000 francs,1899,"Cote de la Bourse et de la banque, 4 août 1899",afrique-equatoriale-societe-afrique-equatoriale-bffdd5
afriqueequatoriale,Société de l'Afrique équatoriale,head_office,"de ladite société, établi provisoirement à Paris, rue Boissy-d’Anglas, no 6, a",1899,"Cote de la Bourse et de la banque, 4 août 1899",afrique-equatoriale-societe-afrique-equatoriale-bffdd5
afriqueequatoriale,Société de l'Afrique équatoriale,head_office,social,1900,"Cote de la Bourse et de la banque, 2 juin 1900",afrique-equatoriale-societe-afrique-equatoriale-bffdd5
afriqueequatoriale,Société de l'Afrique équatoriale,capital,2.000.000 francs,1900,"Les Archives commerciales de la France, 25 juillet 1900",afrique-equatoriale-societe-afrique-equatoriale-bffdd5
afriqueequatoriale,Société de l'Afrique équatoriale,head_office,"Paris, rue des Petites-Écuries, 54. — Adresse télégraphique :",1900,"Les Archives commerciales de la France, 25 juillet 1900",afrique-equatoriale-societe-afrique-equatoriale-bffdd5
afriqueequatoriale,Société de l'Afrique équatoriale,head_office,"Paris, rue des",1902,"Cote de la Bourse et de la banque, 6 mai 1902",afrique-equatoriale-societe-afrique-equatoriale-bffdd5
afriqueequatoriale,Société de l'Afrique équatoriale,head_office,de la Compagnie commerciale française],1911,"Les Annales coloniales, 5 janvier 1911",afrique-equatoriale-societe-afrique-equatoriale-bffdd5
etudesexploitationcongo,Société d'Études et d'exploitation du Congo français,capital,600.000 francs,1893,"Le Temps, 10 juin 1893",afrique-equatoriale-societe-le-chatelier-af34f2
etudesexploitationcongo,Société d'Études et d'exploitation du Congo français,capital,600.000 fr.,1934,"Saint-Nabord, 8 janvier 1856-Paris, 12 juin 1934",afrique-equatoriale-societe-le-chatelier-af34f2
etudesexploitationcongo,Société d'Études et d'exploitation du Congo français,head_office,"rue de Provence, no 31, Paris",1934,"Saint-Nabord, 8 janvier 1856-Paris, 12 juin 1934",afrique-equatoriale-societe-le-chatelier-af34f2
etudesexploitationcongo,Société d'Études et d'exploitation du Congo français,head_office,du ministère public,1895,"Le Temps, 16 mai 1895",afrique-equatoriale-societe-le-chatelier-af34f2
etudesexploitationcongo,Société d'Études et d'exploitation du Congo français,capital,600.000 francs,1897,"Bulletin officiel du ministère des colonies, 1897",afrique-equatoriale-societe-le-chatelier-af34f2
etudesexploitationcongo,Société d'Études et d'exploitation du Congo français,head_office,"Paris, rue Saint-Georges, no 20, a adopté à l’unanimité les",1897,"La Cote de la Bourse et de la banque, 16 juillet 1897",afrique-equatoriale-societe-le-chatelier-af34f2
forestieremayombedimonikamvouti,"Société Forestière de Mayombe, Dimonika-M'Vouti",capital,60.000.000 fr.,,,afrique-equatoriale-soforma-70d196
forestieremayombedimonikamvouti,"Société Forestière de Mayombe, Dimonika-M'Vouti",head_office,Dimonika-M’Vouti (A.E.F.),,,afrique-equatoriale-soforma-70d196
transportsafriqueequatoriale,Société pour l'Française de Transports en Afrique équatoriale,founded_date,1928-01-05,1929,"Les Archives commerciales de la France, 22 janvier 1929",afrique-equatoriale-softae-77d560
transportsafriqueequatoriale,Société pour l'Française de Transports en Afrique équatoriale,capital,1.500.000 fr.,1929,"Les Archives commerciales de la France, 22 janvier 1929",afrique-equatoriale-softae-77d560
transportsafriqueequatoriale,Société pour l'Française de Transports en Afrique équatoriale,head_office,Brazzaville (Afrique Equatoriale,1929,"Les Archives commerciales de la France, 22 janvier 1929",afrique-equatoriale-softae-77d560
miniereniari,Société Minière du Niari,capital,10.000.000 francs,,,afrique-equatoriale-sominia-d7ad3e
miniereniari,Société Minière du Niari,head_office,BRAZZAVILLE,,,afrique-equatoriale-sominia-d7ad3e
miniereniari,Société Minière du Niari,head_office,— Le siège social de la société est fixé à Brazzaville (A. E. F.),1951,"JOAEF, 1er février 1951",afrique-equatoriale-sominia-d7ad3e
syndicatcongo,Syndicat Congo,head_office,"Paris, 45, boulevard Haussmann",,,afrique-equatoriale-syndicat-congo-7f2868
syndicatcongo,Syndicat Congo,founded_date,1910-08-10,1925,"L’Afrique française, bulletin mensuel du comité éponyme, janvier 1925",afrique-equatoriale-syndicat-congo-7f2868
syndicatcongo,Syndicat Congo,capital,1.200.000 francs,1925,"L’Afrique française, bulletin mensuel du comité éponyme, janvier 1925",afrique-equatoriale-syndicat-congo-7f2868
unionindustrielleafricaine,Union industrielle africaine,capital,1.000.000 francs,,,afrique-equatoriale-uniafra-ee7f4b
unionindustrielleafricaine,Union industrielle africaine,head_office,"Paris : 4, boulevard Malesherbes",,,afrique-equatoriale-uniafra-ee7f4b
unionindustrielleafricaine,Union industrielle africaine,head_office,"Le siège social est fixé à Paris, 4, boulevard Malesherbes. […]",1928,"Le Droit, 17 novembre 1928",afrique-equatoriale-uniafra-ee7f4b
unionindustrielleafricaine,Union industrielle africaine,head_office,"est à Paris, 4, boulevard Malesherbes",1928,"La Journée industrielle, 24 novembre 1928",afrique-equatoriale-uniafra-ee7f4b
unionindustrielleafricaine,Union industrielle africaine,head_office,"Paris, 4, boulevard",1928,"La Journée industrielle, 7 décembre 1928",afrique-equatoriale-uniafra-ee7f4b
